date,commodity,price,currency,unit,data_status,source,source_url,methodology
2021-01-01,Australian Thermal Coal,138.04,USD,USD/mt,PROXY,World Bank Commodity Markets / Pink Sheet benchmark family,https://www.worldbank.org/en/research/commodity-markets,Monthly proxy calibrated to public World Bank commodity-market benchmark ranges; annual reference levels interpolated to monthly frequency with modest seasonality/noise. Not raw World Bank observations.
2021-02-01,Australian Thermal Coal,135.77,USD,USD/mt,PROXY,World Bank Commodity Markets / Pink Sheet benchmark family,https://www.worldbank.org/en/research/commodity-markets,Monthly proxy calibrated to public World Bank commodity-market benchmark ranges; annual reference levels interpolated to monthly frequency with modest seasonality/noise. Not raw World Bank observations.
2021-03-01,Australian Thermal Coal,143.8,USD,USD/mt,PROXY,World Bank Commodity Markets / Pink Sheet benchmark family,https://www.worldbank.org/en/research/commodity-markets,Monthly proxy calibrated to public World Bank commodity-market benchmark ranges; annual reference levels interpolated to monthly frequency with modest seasonality/noise. Not raw World Bank observations.
2021-04-01,Australian Thermal Coal,145.13,USD,USD/mt,PROXY,World Bank Commodity Markets / Pink Sheet benchmark family,https://www.worldbank.org/en/research/commodity-markets,Monthly proxy calibrated to public World Bank commodity-market benchmark ranges; annual reference levels interpolated to monthly frequency with modest seasonality/noise. Not raw World Bank observations.
2021-05-01,Australian Thermal Coal,134.27,USD,USD/mt,PROXY,World Bank Commodity Markets / Pink Sheet benchmark family,https://www.worldbank.org/en/research/commodity-markets,Monthly proxy calibrated to public World Bank commodity-market benchmark ranges; annual reference levels interpolated to monthly frequency with modest seasonality/noise. Not raw World Bank observations.
2021-06-01,Australian Thermal Coal,134.86,USD,USD/mt,PROXY,World Bank Commodity Markets / Pink Sheet benchmark family,https://www.worldbank.org/en/research/commodity-markets,Monthly proxy calibrated to public World Bank commodity-market benchmark ranges; annual reference levels interpolated to monthly frequency with modest seasonality/noise. Not raw World Bank observations.
2021-07-01,Australian Thermal Coal,137.44,USD,USD/mt,PROXY,World Bank Commodity Markets / Pink Sheet benchmark family,https://www.worldbank.org/en/research/commodity-markets,Monthly proxy calibrated to public World Bank commodity-market benchmark ranges; annual reference levels interpolated to monthly frequency with modest seasonality/noise. Not raw World Bank observations.
2021-08-01,Australian Thermal Coal,133.54,USD,USD/mt,PROXY,World Bank Commodity Markets / Pink Sheet benchmark family,https://www.worldbank.org/en/research/commodity-markets,Monthly proxy calibrated to public World Bank commodity-market benchmark ranges; annual reference levels interpolated to monthly frequency with modest seasonality/noise. Not raw World Bank observations.
2021-09-01,Australian Thermal Coal,132.79,USD,USD/mt,PROXY,World Bank Commodity Markets / Pink Sheet benchmark family,https://www.worldbank.org/en/research/commodity-markets,Monthly proxy calibrated to public World Bank commodity-market benchmark ranges; annual reference levels interpolated to monthly frequency with modest seasonality/noise. Not raw World Bank observations.
2021-10-01,Australian Thermal Coal,129.39,USD,USD/mt,PROXY,World Bank Commodity Markets / Pink Sheet benchmark family,https://www.worldbank.org/en/research/commodity-markets,Monthly proxy calibrated to public World Bank commodity-market benchmark ranges; annual reference levels interpolated to monthly frequency with modest seasonality/noise. Not raw World Bank observations.
2021-11-01,Australian Thermal Coal,135.77,USD,USD/mt,PROXY,World Bank Commodity Markets / Pink Sheet benchmark family,https://www.worldbank.org/en/research/commodity-markets,Monthly proxy calibrated to public World Bank commodity-market benchmark ranges; annual reference levels interpolated to monthly frequency with modest seasonality/noise. Not raw World Bank observations.
2021-12-01,Australian Thermal Coal,137.22,USD,USD/mt,PROXY,World Bank Commodity Markets / Pink Sheet benchmark family,https://www.worldbank.org/en/research/commodity-markets,Monthly proxy calibrated to public World Bank commodity-market benchmark ranges; annual reference levels interpolated to monthly frequency with modest seasonality/noise. Not raw World Bank observations.
2022-01-01,Australian Thermal Coal,137.23,USD,USD/mt,PROXY,World Bank Commodity Markets / Pink Sheet benchmark family,https://www.worldbank.org/en/research/commodity-markets,Monthly proxy calibrated to public World Bank commodity-market benchmark ranges; annual reference levels interpolated to monthly frequency with modest seasonality/noise. Not raw World Bank observations.
2022-02-01,Australian Thermal Coal,162.77,USD,USD/mt,PROXY,World Bank Commodity Markets / Pink Sheet benchmark family,https://www.worldbank.org/en/research/commodity-markets,Monthly proxy calibrated to public World Bank commodity-market benchmark ranges; annual reference levels interpolated to monthly frequency with modest seasonality/noise. Not raw World Bank observations.
2022-03-01,Australian Thermal Coal,181.54,USD,USD/mt,PROXY,World Bank Commodity Markets / Pink Sheet benchmark family,https://www.worldbank.org/en/research/commodity-markets,Monthly proxy calibrated to public World Bank commodity-market benchmark ranges; annual reference levels interpolated to monthly frequency with modest seasonality/noise. Not raw World Bank observations.
2022-04-01,Australian Thermal Coal,195.21,USD,USD/mt,PROXY,World Bank Commodity Markets / Pink Sheet benchmark family,https://www.worldbank.org/en/research/commodity-markets,Monthly proxy calibrated to public World Bank commodity-market benchmark ranges; annual reference levels interpolated to monthly frequency with modest seasonality/noise. Not raw World Bank observations.
2022-05-01,Australian Thermal Coal,219.75,USD,USD/mt,PROXY,World Bank Commodity Markets / Pink Sheet benchmark family,https://www.worldbank.org/en/research/commodity-markets,Monthly proxy calibrated to public World Bank commodity-market benchmark ranges; annual reference levels interpolated to monthly frequency with modest seasonality/noise. Not raw World Bank observations.
2022-06-01,Australian Thermal Coal,228.33,USD,USD/mt,PROXY,World Bank Commodity Markets / Pink Sheet benchmark family,https://www.worldbank.org/en/research/commodity-markets,Monthly proxy calibrated to public World Bank commodity-market benchmark ranges; annual reference levels interpolated to monthly frequency with modest seasonality/noise. Not raw World Bank observations.
2022-07-01,Australian Thermal Coal,253.96,USD,USD/mt,PROXY,World Bank Commodity Markets / Pink Sheet benchmark family,https://www.worldbank.org/en/research/commodity-markets,Monthly proxy calibrated to public World Bank commodity-market benchmark ranges; annual reference levels interpolated to monthly frequency with modest seasonality/noise. Not raw World Bank observations.
2022-08-01,Australian Thermal Coal,262.08,USD,USD/mt,PROXY,World Bank Commodity Markets / Pink Sheet benchmark family,https://www.worldbank.org/en/research/commodity-markets,Monthly proxy calibrated to public World Bank commodity-market benchmark ranges; annual reference levels interpolated to monthly frequency with modest seasonality/noise. Not raw World Bank observations.
2022-09-01,Australian Thermal Coal,275.73,USD,USD/mt,PROXY,World Bank Commodity Markets / Pink Sheet benchmark family,https://www.worldbank.org/en/research/commodity-markets,Monthly proxy calibrated to public World Bank commodity-market benchmark ranges; annual reference levels interpolated to monthly frequency with modest seasonality/noise. Not raw World Bank observations.
2022-10-01,Australian Thermal Coal,288.6,USD,USD/mt,PROXY,World Bank Commodity Markets / Pink Sheet benchmark family,https://www.worldbank.org/en/research/commodity-markets,Monthly proxy calibrated to public World Bank commodity-market benchmark ranges; annual reference levels interpolated to monthly frequency with modest seasonality/noise. Not raw World Bank observations.
2022-11-01,Australian Thermal Coal,322.62,USD,USD/mt,PROXY,World Bank Commodity Markets / Pink Sheet benchmark family,https://www.worldbank.org/en/research/commodity-markets,Monthly proxy calibrated to public World Bank commodity-market benchmark ranges; annual reference levels interpolated to monthly frequency with modest seasonality/noise. Not raw World Bank observations.
2022-12-01,Australian Thermal Coal,334.15,USD,USD/mt,PROXY,World Bank Commodity Markets / Pink Sheet benchmark family,https://www.worldbank.org/en/research/commodity-markets,Monthly proxy calibrated to public World Bank commodity-market benchmark ranges; annual reference levels interpolated to monthly frequency with modest seasonality/noise. Not raw World Bank observations.
2023-01-01,Australian Thermal Coal,356.15,USD,USD/mt,PROXY,World Bank Commodity Markets / Pink Sheet benchmark family,https://www.worldbank.org/en/research/commodity-markets,Monthly proxy calibrated to public World Bank commodity-market benchmark ranges; annual reference levels interpolated to monthly frequency with modest seasonality/noise. Not raw World Bank observations.
2023-02-01,Australian Thermal Coal,347.53,USD,USD/mt,PROXY,World Bank Commodity Markets / Pink Sheet benchmark family,https://www.worldbank.org/en/research/commodity-markets,Monthly proxy calibrated to public World Bank commodity-market benchmark ranges; annual reference levels interpolated to monthly frequency with modest seasonality/noise. Not raw World Bank observations.
2023-03-01,Australian Thermal Coal,343.66,USD,USD/mt,PROXY,World Bank Commodity Markets / Pink Sheet benchmark family,https://www.worldbank.org/en/research/commodity-markets,Monthly proxy calibrated to public World Bank commodity-market benchmark ranges; annual reference levels interpolated to monthly frequency with modest seasonality/noise. Not raw World Bank observations.
2023-04-01,Australian Thermal Coal,327.7,USD,USD/mt,PROXY,World Bank Commodity Markets / Pink Sheet benchmark family,https://www.worldbank.org/en/research/commodity-markets,Monthly proxy calibrated to public World Bank commodity-market benchmark ranges; annual reference levels interpolated to monthly frequency with modest seasonality/noise. Not raw World Bank observations.
2023-05-01,Australian Thermal Coal,310.55,USD,USD/mt,PROXY,World Bank Commodity Markets / Pink Sheet benchmark family,https://www.worldbank.org/en/research/commodity-markets,Monthly proxy calibrated to public World Bank commodity-market benchmark ranges; annual reference levels interpolated to monthly frequency with modest seasonality/noise. Not raw World Bank observations.
2023-06-01,Australian Thermal Coal,290.97,USD,USD/mt,PROXY,World Bank Commodity Markets / Pink Sheet benchmark family,https://www.worldbank.org/en/research/commodity-markets,Monthly proxy calibrated to public World Bank commodity-market benchmark ranges; annual reference levels interpolated to monthly frequency with modest seasonality/noise. Not raw World Bank observations.
2023-07-01,Australian Thermal Coal,281.82,USD,USD/mt,PROXY,World Bank Commodity Markets / Pink Sheet benchmark family,https://www.worldbank.org/en/research/commodity-markets,Monthly proxy calibrated to public World Bank commodity-market benchmark ranges; annual reference levels interpolated to monthly frequency with modest seasonality/noise. Not raw World Bank observations.
2023-08-01,Australian Thermal Coal,245.16,USD,USD/mt,PROXY,World Bank Commodity Markets / Pink Sheet benchmark family,https://www.worldbank.org/en/research/commodity-markets,Monthly proxy calibrated to public World Bank commodity-market benchmark ranges; annual reference levels interpolated to monthly frequency with modest seasonality/noise. Not raw World Bank observations.
2023-09-01,Australian Thermal Coal,226.55,USD,USD/mt,PROXY,World Bank Commodity Markets / Pink Sheet benchmark family,https://www.worldbank.org/en/research/commodity-markets,Monthly proxy calibrated to public World Bank commodity-market benchmark ranges; annual reference levels interpolated to monthly frequency with modest seasonality/noise. Not raw World Bank observations.
2023-10-01,Australian Thermal Coal,209.16,USD,USD/mt,PROXY,World Bank Commodity Markets / Pink Sheet benchmark family,https://www.worldbank.org/en/research/commodity-markets,Monthly proxy calibrated to public World Bank commodity-market benchmark ranges; annual reference levels interpolated to monthly frequency with modest seasonality/noise. Not raw World Bank observations.
2023-11-01,Australian Thermal Coal,202.67,USD,USD/mt,PROXY,World Bank Commodity Markets / Pink Sheet benchmark family,https://www.worldbank.org/en/research/commodity-markets,Monthly proxy calibrated to public World Bank commodity-market benchmark ranges; annual reference levels interpolated to monthly frequency with modest seasonality/noise. Not raw World Bank observations.
2023-12-01,Australian Thermal Coal,192.36,USD,USD/mt,PROXY,World Bank Commodity Markets / Pink Sheet benchmark family,https://www.worldbank.org/en/research/commodity-markets,Monthly proxy calibrated to public World Bank commodity-market benchmark ranges; annual reference levels interpolated to monthly frequency with modest seasonality/noise. Not raw World Bank observations.
2024-01-01,Australian Thermal Coal,174.5,USD,USD/mt,PROXY,World Bank Commodity Markets / Pink Sheet benchmark family,https://www.worldbank.org/en/research/commodity-markets,Monthly proxy calibrated to public World Bank commodity-market benchmark ranges; annual reference levels interpolated to monthly frequency with modest seasonality/noise. Not raw World Bank observations.
2024-02-01,Australian Thermal Coal,171.0,USD,USD/mt,PROXY,World Bank Commodity Markets / Pink Sheet benchmark family,https://www.worldbank.org/en/research/commodity-markets,Monthly proxy calibrated to public World Bank commodity-market benchmark ranges; annual reference levels interpolated to monthly frequency with modest seasonality/noise. Not raw World Bank observations.
2024-03-01,Australian Thermal Coal,169.86,USD,USD/mt,PROXY,World Bank Commodity Markets / Pink Sheet benchmark family,https://www.worldbank.org/en/research/commodity-markets,Monthly proxy calibrated to public World Bank commodity-market benchmark ranges; annual reference levels interpolated to monthly frequency with modest seasonality/noise. Not raw World Bank observations.
2024-04-01,Australian Thermal Coal,173.55,USD,USD/mt,PROXY,World Bank Commodity Markets / Pink Sheet benchmark family,https://www.worldbank.org/en/research/commodity-markets,Monthly proxy calibrated to public World Bank commodity-market benchmark ranges; annual reference levels interpolated to monthly frequency with modest seasonality/noise. Not raw World Bank observations.
2024-05-01,Australian Thermal Coal,169.66,USD,USD/mt,PROXY,World Bank Commodity Markets / Pink Sheet benchmark family,https://www.worldbank.org/en/research/commodity-markets,Monthly proxy calibrated to public World Bank commodity-market benchmark ranges; annual reference levels interpolated to monthly frequency with modest seasonality/noise. Not raw World Bank observations.
2024-06-01,Australian Thermal Coal,163.29,USD,USD/mt,PROXY,World Bank Commodity Markets / Pink Sheet benchmark family,https://www.worldbank.org/en/research/commodity-markets,Monthly proxy calibrated to public World Bank commodity-market benchmark ranges; annual reference levels interpolated to monthly frequency with modest seasonality/noise. Not raw World Bank observations.
2024-07-01,Australian Thermal Coal,152.42,USD,USD/mt,PROXY,World Bank Commodity Markets / Pink Sheet benchmark family,https://www.worldbank.org/en/research/commodity-markets,Monthly proxy calibrated to public World Bank commodity-market benchmark ranges; annual reference levels interpolated to monthly frequency with modest seasonality/noise. Not raw World Bank observations.
2024-08-01,Australian Thermal Coal,149.88,USD,USD/mt,PROXY,World Bank Commodity Markets / Pink Sheet benchmark family,https://www.worldbank.org/en/research/commodity-markets,Monthly proxy calibrated to public World Bank commodity-market benchmark ranges; annual reference levels interpolated to monthly frequency with modest seasonality/noise. Not raw World Bank observations.
2024-09-01,Australian Thermal Coal,144.26,USD,USD/mt,PROXY,World Bank Commodity Markets / Pink Sheet benchmark family,https://www.worldbank.org/en/research/commodity-markets,Monthly proxy calibrated to public World Bank commodity-market benchmark ranges; annual reference levels interpolated to monthly frequency with modest seasonality/noise. Not raw World Bank observations.
2024-10-01,Australian Thermal Coal,140.69,USD,USD/mt,PROXY,World Bank Commodity Markets / Pink Sheet benchmark family,https://www.worldbank.org/en/research/commodity-markets,Monthly proxy calibrated to public World Bank commodity-market benchmark ranges; annual reference levels interpolated to monthly frequency with modest seasonality/noise. Not raw World Bank observations.
2024-11-01,Australian Thermal Coal,140.37,USD,USD/mt,PROXY,World Bank Commodity Markets / Pink Sheet benchmark family,https://www.worldbank.org/en/research/commodity-markets,Monthly proxy calibrated to public World Bank commodity-market benchmark ranges; annual reference levels interpolated to monthly frequency with modest seasonality/noise. Not raw World Bank observations.
2024-12-01,Australian Thermal Coal,136.67,USD,USD/mt,PROXY,World Bank Commodity Markets / Pink Sheet benchmark family,https://www.worldbank.org/en/research/commodity-markets,Monthly proxy calibrated to public World Bank commodity-market benchmark ranges; annual reference levels interpolated to monthly frequency with modest seasonality/noise. Not raw World Bank observations.
2025-01-01,Australian Thermal Coal,137.29,USD,USD/mt,PROXY,World Bank Commodity Markets / Pink Sheet benchmark family,https://www.worldbank.org/en/research/commodity-markets,Monthly proxy calibrated to public World Bank commodity-market benchmark ranges; annual reference levels interpolated to monthly frequency with modest seasonality/noise. Not raw World Bank observations.
2025-02-01,Australian Thermal Coal,135.05,USD,USD/mt,PROXY,World Bank Commodity Markets / Pink Sheet benchmark family,https://www.worldbank.org/en/research/commodity-markets,Monthly proxy calibrated to public World Bank commodity-market benchmark ranges; annual reference levels interpolated to monthly frequency with modest seasonality/noise. Not raw World Bank observations.
2025-03-01,Australian Thermal Coal,134.91,USD,USD/mt,PROXY,World Bank Commodity Markets / Pink Sheet benchmark family,https://www.worldbank.org/en/research/commodity-markets,Monthly proxy calibrated to public World Bank commodity-market benchmark ranges; annual reference levels interpolated to monthly frequency with modest seasonality/noise. Not raw World Bank observations.
2025-04-01,Australian Thermal Coal,134.05,USD,USD/mt,PROXY,World Bank Commodity Markets / Pink Sheet benchmark family,https://www.worldbank.org/en/research/commodity-markets,Monthly proxy calibrated to public World Bank commodity-market benchmark ranges; annual reference levels interpolated to monthly frequency with modest seasonality/noise. Not raw World Bank observations.
2025-05-01,Australian Thermal Coal,124.1,USD,USD/mt,PROXY,World Bank Commodity Markets / Pink Sheet benchmark family,https://www.worldbank.org/en/research/commodity-markets,Monthly proxy calibrated to public World Bank commodity-market benchmark ranges; annual reference levels interpolated to monthly frequency with modest seasonality/noise. Not raw World Bank observations.
2025-06-01,Australian Thermal Coal,123.65,USD,USD/mt,PROXY,World Bank Commodity Markets / Pink Sheet benchmark family,https://www.worldbank.org/en/research/commodity-markets,Monthly proxy calibrated to public World Bank commodity-market benchmark ranges; annual reference levels interpolated to monthly frequency with modest seasonality/noise. Not raw World Bank observations.
2025-07-01,Australian Thermal Coal,118.59,USD,USD/mt,PROXY,World Bank Commodity Markets / Pink Sheet benchmark family,https://www.worldbank.org/en/research/commodity-markets,Monthly proxy calibrated to public World Bank commodity-market benchmark ranges; annual reference levels interpolated to monthly frequency with modest seasonality/noise. Not raw World Bank observations.
2025-08-01,Australian Thermal Coal,113.6,USD,USD/mt,PROXY,World Bank Commodity Markets / Pink Sheet benchmark family,https://www.worldbank.org/en/research/commodity-markets,Monthly proxy calibrated to public World Bank commodity-market benchmark ranges; annual reference levels interpolated to monthly frequency with modest seasonality/noise. Not raw World Bank observations.
2025-09-01,Australian Thermal Coal,110.75,USD,USD/mt,PROXY,World Bank Commodity Markets / Pink Sheet benchmark family,https://www.worldbank.org/en/research/commodity-markets,Monthly proxy calibrated to public World Bank commodity-market benchmark ranges; annual reference levels interpolated to monthly frequency with modest seasonality/noise. Not raw World Bank observations.
2025-10-01,Australian Thermal Coal,112.62,USD,USD/mt,PROXY,World Bank Commodity Markets / Pink Sheet benchmark family,https://www.worldbank.org/en/research/commodity-markets,Monthly proxy calibrated to public World Bank commodity-market benchmark ranges; annual reference levels interpolated to monthly frequency with modest seasonality/noise. Not raw World Bank observations.
2025-11-01,Australian Thermal Coal,104.36,USD,USD/mt,PROXY,World Bank Commodity Markets / Pink Sheet benchmark family,https://www.worldbank.org/en/research/commodity-markets,Monthly proxy calibrated to public World Bank commodity-market benchmark ranges; annual reference levels interpolated to monthly frequency with modest seasonality/noise. Not raw World Bank observations.
2025-12-01,Australian Thermal Coal,108.18,USD,USD/mt,PROXY,World Bank Commodity Markets / Pink Sheet benchmark family,https://www.worldbank.org/en/research/commodity-markets,Monthly proxy calibrated to public World Bank commodity-market benchmark ranges; annual reference levels interpolated to monthly frequency with modest seasonality/noise. Not raw World Bank observations.
2026-01-01,Australian Thermal Coal,100.58,USD,USD/mt,PROXY,World Bank Commodity Markets / Pink Sheet benchmark family,https://www.worldbank.org/en/research/commodity-markets,Monthly proxy calibrated to public World Bank commodity-market benchmark ranges; annual reference levels interpolated to monthly frequency with modest seasonality/noise. Not raw World Bank observations.
2026-02-01,Australian Thermal Coal,108.89,USD,USD/mt,PROXY,World Bank Commodity Markets / Pink Sheet benchmark family,https://www.worldbank.org/en/research/commodity-markets,Monthly proxy calibrated to public World Bank commodity-market benchmark ranges; annual reference levels interpolated to monthly frequency with modest seasonality/noise. Not raw World Bank observations.
2026-03-01,Australian Thermal Coal,114.66,USD,USD/mt,PROXY,World Bank Commodity Markets / Pink Sheet benchmark family,https://www.worldbank.org/en/research/commodity-markets,Monthly proxy calibrated to public World Bank commodity-market benchmark ranges; annual reference levels interpolated to monthly frequency with modest seasonality/noise. Not raw World Bank observations.
2026-04-01,Australian Thermal Coal,119.46,USD,USD/mt,PROXY,World Bank Commodity Markets / Pink Sheet benchmark family,https://www.worldbank.org/en/research/commodity-markets,Monthly proxy calibrated to public World Bank commodity-market benchmark ranges; annual reference levels interpolated to monthly frequency with modest seasonality/noise. Not raw World Bank observations.
2026-05-01,Australian Thermal Coal,122.34,USD,USD/mt,PROXY,World Bank Commodity Markets / Pink Sheet benchmark family,https://www.worldbank.org/en/research/commodity-markets,Monthly proxy calibrated to public World Bank commodity-market benchmark ranges; annual reference levels interpolated to monthly frequency with modest seasonality/noise. Not raw World Bank observations.
2026-06-01,Australian Thermal Coal,124.09,USD,USD/mt,PROXY,World Bank Commodity Markets / Pink Sheet benchmark family,https://www.worldbank.org/en/research/commodity-markets,Monthly proxy calibrated to public World Bank commodity-market benchmark ranges; annual reference levels interpolated to monthly frequency with modest seasonality/noise. Not raw World Bank observations.
2026-07-01,Australian Thermal Coal,121.43,USD,USD/mt,PROXY,World Bank Commodity Markets / Pink Sheet benchmark family,https://www.worldbank.org/en/research/commodity-markets,Monthly proxy calibrated to public World Bank commodity-market benchmark ranges; annual reference levels interpolated to monthly frequency with modest seasonality/noise. Not raw World Bank observations.
2026-08-01,Australian Thermal Coal,121.8,USD,USD/mt,PROXY,World Bank Commodity Markets / Pink Sheet benchmark family,https://www.worldbank.org/en/research/commodity-markets,Monthly proxy calibrated to public World Bank commodity-market benchmark ranges; annual reference levels interpolated to monthly frequency with modest seasonality/noise. Not raw World Bank observations.
2021-01-01,Coking Coal,223.4,USD,USD/mt,PROXY,World Bank Commodity Markets / Pink Sheet benchmark family,https://www.worldbank.org/en/research/commodity-markets,Monthly proxy calibrated to public World Bank commodity-market benchmark ranges; annual reference levels interpolated to monthly frequency with modest seasonality/noise. Not raw World Bank observations.
2021-02-01,Coking Coal,221.98,USD,USD/mt,PROXY,World Bank Commodity Markets / Pink Sheet benchmark family,https://www.worldbank.org/en/research/commodity-markets,Monthly proxy calibrated to public World Bank commodity-market benchmark ranges; annual reference levels interpolated to monthly frequency with modest seasonality/noise. Not raw World Bank observations.
2021-03-01,Coking Coal,219.6,USD,USD/mt,PROXY,World Bank Commodity Markets / Pink Sheet benchmark family,https://www.worldbank.org/en/research/commodity-markets,Monthly proxy calibrated to public World Bank commodity-market benchmark ranges; annual reference levels interpolated to monthly frequency with modest seasonality/noise. Not raw World Bank observations.
2021-04-01,Coking Coal,220.9,USD,USD/mt,PROXY,World Bank Commodity Markets / Pink Sheet benchmark family,https://www.worldbank.org/en/research/commodity-markets,Monthly proxy calibrated to public World Bank commodity-market benchmark ranges; annual reference levels interpolated to monthly frequency with modest seasonality/noise. Not raw World Bank observations.
2021-05-01,Coking Coal,221.04,USD,USD/mt,PROXY,World Bank Commodity Markets / Pink Sheet benchmark family,https://www.worldbank.org/en/research/commodity-markets,Monthly proxy calibrated to public World Bank commodity-market benchmark ranges; annual reference levels interpolated to monthly frequency with modest seasonality/noise. Not raw World Bank observations.
2021-06-01,Coking Coal,224.74,USD,USD/mt,PROXY,World Bank Commodity Markets / Pink Sheet benchmark family,https://www.worldbank.org/en/research/commodity-markets,Monthly proxy calibrated to public World Bank commodity-market benchmark ranges; annual reference levels interpolated to monthly frequency with modest seasonality/noise. Not raw World Bank observations.
2021-07-01,Coking Coal,220.56,USD,USD/mt,PROXY,World Bank Commodity Markets / Pink Sheet benchmark family,https://www.worldbank.org/en/research/commodity-markets,Monthly proxy calibrated to public World Bank commodity-market benchmark ranges; annual reference levels interpolated to monthly frequency with modest seasonality/noise. Not raw World Bank observations.
2021-08-01,Coking Coal,219.95,USD,USD/mt,PROXY,World Bank Commodity Markets / Pink Sheet benchmark family,https://www.worldbank.org/en/research/commodity-markets,Monthly proxy calibrated to public World Bank commodity-market benchmark ranges; annual reference levels interpolated to monthly frequency with modest seasonality/noise. Not raw World Bank observations.
2021-09-01,Coking Coal,213.58,USD,USD/mt,PROXY,World Bank Commodity Markets / Pink Sheet benchmark family,https://www.worldbank.org/en/research/commodity-markets,Monthly proxy calibrated to public World Bank commodity-market benchmark ranges; annual reference levels interpolated to monthly frequency with modest seasonality/noise. Not raw World Bank observations.
2021-10-01,Coking Coal,215.11,USD,USD/mt,PROXY,World Bank Commodity Markets / Pink Sheet benchmark family,https://www.worldbank.org/en/research/commodity-markets,Monthly proxy calibrated to public World Bank commodity-market benchmark ranges; annual reference levels interpolated to monthly frequency with modest seasonality/noise. Not raw World Bank observations.
2021-11-01,Coking Coal,217.66,USD,USD/mt,PROXY,World Bank Commodity Markets / Pink Sheet benchmark family,https://www.worldbank.org/en/research/commodity-markets,Monthly proxy calibrated to public World Bank commodity-market benchmark ranges; annual reference levels interpolated to monthly frequency with modest seasonality/noise. Not raw World Bank observations.
2021-12-01,Coking Coal,216.04,USD,USD/mt,PROXY,World Bank Commodity Markets / Pink Sheet benchmark family,https://www.worldbank.org/en/research/commodity-markets,Monthly proxy calibrated to public World Bank commodity-market benchmark ranges; annual reference levels interpolated to monthly frequency with modest seasonality/noise. Not raw World Bank observations.
2022-01-01,Coking Coal,221.81,USD,USD/mt,PROXY,World Bank Commodity Markets / Pink Sheet benchmark family,https://www.worldbank.org/en/research/commodity-markets,Monthly proxy calibrated to public World Bank commodity-market benchmark ranges; annual reference levels interpolated to monthly frequency with modest seasonality/noise. Not raw World Bank observations.
2022-02-01,Coking Coal,233.02,USD,USD/mt,PROXY,World Bank Commodity Markets / Pink Sheet benchmark family,https://www.worldbank.org/en/research/commodity-markets,Monthly proxy calibrated to public World Bank commodity-market benchmark ranges; annual reference levels interpolated to monthly frequency with modest seasonality/noise. Not raw World Bank observations.
2022-03-01,Coking Coal,249.51,USD,USD/mt,PROXY,World Bank Commodity Markets / Pink Sheet benchmark family,https://www.worldbank.org/en/research/commodity-markets,Monthly proxy calibrated to public World Bank commodity-market benchmark ranges; annual reference levels interpolated to monthly frequency with modest seasonality/noise. Not raw World Bank observations.
2022-04-01,Coking Coal,263.4,USD,USD/mt,PROXY,World Bank Commodity Markets / Pink Sheet benchmark family,https://www.worldbank.org/en/research/commodity-markets,Monthly proxy calibrated to public World Bank commodity-market benchmark ranges; annual reference levels interpolated to monthly frequency with modest seasonality/noise. Not raw World Bank observations.
2022-05-01,Coking Coal,271.57,USD,USD/mt,PROXY,World Bank Commodity Markets / Pink Sheet benchmark family,https://www.worldbank.org/en/research/commodity-markets,Monthly proxy calibrated to public World Bank commodity-market benchmark ranges; annual reference levels interpolated to monthly frequency with modest seasonality/noise. Not raw World Bank observations.
2022-06-01,Coking Coal,290.67,USD,USD/mt,PROXY,World Bank Commodity Markets / Pink Sheet benchmark family,https://www.worldbank.org/en/research/commodity-markets,Monthly proxy calibrated to public World Bank commodity-market benchmark ranges; annual reference levels interpolated to monthly frequency with modest seasonality/noise. Not raw World Bank observations.
2022-07-01,Coking Coal,294.99,USD,USD/mt,PROXY,World Bank Commodity Markets / Pink Sheet benchmark family,https://www.worldbank.org/en/research/commodity-markets,Monthly proxy calibrated to public World Bank commodity-market benchmark ranges; annual reference levels interpolated to monthly frequency with modest seasonality/noise. Not raw World Bank observations.
2022-08-01,Coking Coal,306.61,USD,USD/mt,PROXY,World Bank Commodity Markets / Pink Sheet benchmark family,https://www.worldbank.org/en/research/commodity-markets,Monthly proxy calibrated to public World Bank commodity-market benchmark ranges; annual reference levels interpolated to monthly frequency with modest seasonality/noise. Not raw World Bank observations.
2022-09-01,Coking Coal,319.07,USD,USD/mt,PROXY,World Bank Commodity Markets / Pink Sheet benchmark family,https://www.worldbank.org/en/research/commodity-markets,Monthly proxy calibrated to public World Bank commodity-market benchmark ranges; annual reference levels interpolated to monthly frequency with modest seasonality/noise. Not raw World Bank observations.
2022-10-01,Coking Coal,330.48,USD,USD/mt,PROXY,World Bank Commodity Markets / Pink Sheet benchmark family,https://www.worldbank.org/en/research/commodity-markets,Monthly proxy calibrated to public World Bank commodity-market benchmark ranges; annual reference levels interpolated to monthly frequency with modest seasonality/noise. Not raw World Bank observations.
2022-11-01,Coking Coal,345.7,USD,USD/mt,PROXY,World Bank Commodity Markets / Pink Sheet benchmark family,https://www.worldbank.org/en/research/commodity-markets,Monthly proxy calibrated to public World Bank commodity-market benchmark ranges; annual reference levels interpolated to monthly frequency with modest seasonality/noise. Not raw World Bank observations.
2022-12-01,Coking Coal,356.92,USD,USD/mt,PROXY,World Bank Commodity Markets / Pink Sheet benchmark family,https://www.worldbank.org/en/research/commodity-markets,Monthly proxy calibrated to public World Bank commodity-market benchmark ranges; annual reference levels interpolated to monthly frequency with modest seasonality/noise. Not raw World Bank observations.
2023-01-01,Coking Coal,372.14,USD,USD/mt,PROXY,World Bank Commodity Markets / Pink Sheet benchmark family,https://www.worldbank.org/en/research/commodity-markets,Monthly proxy calibrated to public World Bank commodity-market benchmark ranges; annual reference levels interpolated to monthly frequency with modest seasonality/noise. Not raw World Bank observations.
2023-02-01,Coking Coal,369.45,USD,USD/mt,PROXY,World Bank Commodity Markets / Pink Sheet benchmark family,https://www.worldbank.org/en/research/commodity-markets,Monthly proxy calibrated to public World Bank commodity-market benchmark ranges; annual reference levels interpolated to monthly frequency with modest seasonality/noise. Not raw World Bank observations.
2023-03-01,Coking Coal,352.5,USD,USD/mt,PROXY,World Bank Commodity Markets / Pink Sheet benchmark family,https://www.worldbank.org/en/research/commodity-markets,Monthly proxy calibrated to public World Bank commodity-market benchmark ranges; annual reference levels interpolated to monthly frequency with modest seasonality/noise. Not raw World Bank observations.
2023-04-01,Coking Coal,345.66,USD,USD/mt,PROXY,World Bank Commodity Markets / Pink Sheet benchmark family,https://www.worldbank.org/en/research/commodity-markets,Monthly proxy calibrated to public World Bank commodity-market benchmark ranges; annual reference levels interpolated to monthly frequency with modest seasonality/noise. Not raw World Bank observations.
2023-05-01,Coking Coal,335.77,USD,USD/mt,PROXY,World Bank Commodity Markets / Pink Sheet benchmark family,https://www.worldbank.org/en/research/commodity-markets,Monthly proxy calibrated to public World Bank commodity-market benchmark ranges; annual reference levels interpolated to monthly frequency with modest seasonality/noise. Not raw World Bank observations.
2023-06-01,Coking Coal,325.23,USD,USD/mt,PROXY,World Bank Commodity Markets / Pink Sheet benchmark family,https://www.worldbank.org/en/research/commodity-markets,Monthly proxy calibrated to public World Bank commodity-market benchmark ranges; annual reference levels interpolated to monthly frequency with modest seasonality/noise. Not raw World Bank observations.
2023-07-01,Coking Coal,319.78,USD,USD/mt,PROXY,World Bank Commodity Markets / Pink Sheet benchmark family,https://www.worldbank.org/en/research/commodity-markets,Monthly proxy calibrated to public World Bank commodity-market benchmark ranges; annual reference levels interpolated to monthly frequency with modest seasonality/noise. Not raw World Bank observations.
2023-08-01,Coking Coal,299.11,USD,USD/mt,PROXY,World Bank Commodity Markets / Pink Sheet benchmark family,https://www.worldbank.org/en/research/commodity-markets,Monthly proxy calibrated to public World Bank commodity-market benchmark ranges; annual reference levels interpolated to monthly frequency with modest seasonality/noise. Not raw World Bank observations.
2023-09-01,Coking Coal,289.89,USD,USD/mt,PROXY,World Bank Commodity Markets / Pink Sheet benchmark family,https://www.worldbank.org/en/research/commodity-markets,Monthly proxy calibrated to public World Bank commodity-market benchmark ranges; annual reference levels interpolated to monthly frequency with modest seasonality/noise. Not raw World Bank observations.
2023-10-01,Coking Coal,288.12,USD,USD/mt,PROXY,World Bank Commodity Markets / Pink Sheet benchmark family,https://www.worldbank.org/en/research/commodity-markets,Monthly proxy calibrated to public World Bank commodity-market benchmark ranges; annual reference levels interpolated to monthly frequency with modest seasonality/noise. Not raw World Bank observations.
2023-11-01,Coking Coal,271.37,USD,USD/mt,PROXY,World Bank Commodity Markets / Pink Sheet benchmark family,https://www.worldbank.org/en/research/commodity-markets,Monthly proxy calibrated to public World Bank commodity-market benchmark ranges; annual reference levels interpolated to monthly frequency with modest seasonality/noise. Not raw World Bank observations.
2023-12-01,Coking Coal,269.75,USD,USD/mt,PROXY,World Bank Commodity Markets / Pink Sheet benchmark family,https://www.worldbank.org/en/research/commodity-markets,Monthly proxy calibrated to public World Bank commodity-market benchmark ranges; annual reference levels interpolated to monthly frequency with modest seasonality/noise. Not raw World Bank observations.
2024-01-01,Coking Coal,255.63,USD,USD/mt,PROXY,World Bank Commodity Markets / Pink Sheet benchmark family,https://www.worldbank.org/en/research/commodity-markets,Monthly proxy calibrated to public World Bank commodity-market benchmark ranges; annual reference levels interpolated to monthly frequency with modest seasonality/noise. Not raw World Bank observations.
2024-02-01,Coking Coal,260.17,USD,USD/mt,PROXY,World Bank Commodity Markets / Pink Sheet benchmark family,https://www.worldbank.org/en/research/commodity-markets,Monthly proxy calibrated to public World Bank commodity-market benchmark ranges; annual reference levels interpolated to monthly frequency with modest seasonality/noise. Not raw World Bank observations.
2024-03-01,Coking Coal,256.9,USD,USD/mt,PROXY,World Bank Commodity Markets / Pink Sheet benchmark family,https://www.worldbank.org/en/research/commodity-markets,Monthly proxy calibrated to public World Bank commodity-market benchmark ranges; annual reference levels interpolated to monthly frequency with modest seasonality/noise. Not raw World Bank observations.
2024-04-01,Coking Coal,258.51,USD,USD/mt,PROXY,World Bank Commodity Markets / Pink Sheet benchmark family,https://www.worldbank.org/en/research/commodity-markets,Monthly proxy calibrated to public World Bank commodity-market benchmark ranges; annual reference levels interpolated to monthly frequency with modest seasonality/noise. Not raw World Bank observations.
2024-05-01,Coking Coal,261.0,USD,USD/mt,PROXY,World Bank Commodity Markets / Pink Sheet benchmark family,https://www.worldbank.org/en/research/commodity-markets,Monthly proxy calibrated to public World Bank commodity-market benchmark ranges; annual reference levels interpolated to monthly frequency with modest seasonality/noise. Not raw World Bank observations.
2024-06-01,Coking Coal,244.85,USD,USD/mt,PROXY,World Bank Commodity Markets / Pink Sheet benchmark family,https://www.worldbank.org/en/research/commodity-markets,Monthly proxy calibrated to public World Bank commodity-market benchmark ranges; annual reference levels interpolated to monthly frequency with modest seasonality/noise. Not raw World Bank observations.
2024-07-01,Coking Coal,249.44,USD,USD/mt,PROXY,World Bank Commodity Markets / Pink Sheet benchmark family,https://www.worldbank.org/en/research/commodity-markets,Monthly proxy calibrated to public World Bank commodity-market benchmark ranges; annual reference levels interpolated to monthly frequency with modest seasonality/noise. Not raw World Bank observations.
2024-08-01,Coking Coal,243.39,USD,USD/mt,PROXY,World Bank Commodity Markets / Pink Sheet benchmark family,https://www.worldbank.org/en/research/commodity-markets,Monthly proxy calibrated to public World Bank commodity-market benchmark ranges; annual reference levels interpolated to monthly frequency with modest seasonality/noise. Not raw World Bank observations.
2024-09-01,Coking Coal,235.52,USD,USD/mt,PROXY,World Bank Commodity Markets / Pink Sheet benchmark family,https://www.worldbank.org/en/research/commodity-markets,Monthly proxy calibrated to public World Bank commodity-market benchmark ranges; annual reference levels interpolated to monthly frequency with modest seasonality/noise. Not raw World Bank observations.
2024-10-01,Coking Coal,229.1,USD,USD/mt,PROXY,World Bank Commodity Markets / Pink Sheet benchmark family,https://www.worldbank.org/en/research/commodity-markets,Monthly proxy calibrated to public World Bank commodity-market benchmark ranges; annual reference levels interpolated to monthly frequency with modest seasonality/noise. Not raw World Bank observations.
2024-11-01,Coking Coal,234.29,USD,USD/mt,PROXY,World Bank Commodity Markets / Pink Sheet benchmark family,https://www.worldbank.org/en/research/commodity-markets,Monthly proxy calibrated to public World Bank commodity-market benchmark ranges; annual reference levels interpolated to monthly frequency with modest seasonality/noise. Not raw World Bank observations.
2024-12-01,Coking Coal,231.89,USD,USD/mt,PROXY,World Bank Commodity Markets / Pink Sheet benchmark family,https://www.worldbank.org/en/research/commodity-markets,Monthly proxy calibrated to public World Bank commodity-market benchmark ranges; annual reference levels interpolated to monthly frequency with modest seasonality/noise. Not raw World Bank observations.
2025-01-01,Coking Coal,235.98,USD,USD/mt,PROXY,World Bank Commodity Markets / Pink Sheet benchmark family,https://www.worldbank.org/en/research/commodity-markets,Monthly proxy calibrated to public World Bank commodity-market benchmark ranges; annual reference levels interpolated to monthly frequency with modest seasonality/noise. Not raw World Bank observations.
2025-02-01,Coking Coal,234.23,USD,USD/mt,PROXY,World Bank Commodity Markets / Pink Sheet benchmark family,https://www.worldbank.org/en/research/commodity-markets,Monthly proxy calibrated to public World Bank commodity-market benchmark ranges; annual reference levels interpolated to monthly frequency with modest seasonality/noise. Not raw World Bank observations.
2025-03-01,Coking Coal,239.13,USD,USD/mt,PROXY,World Bank Commodity Markets / Pink Sheet benchmark family,https://www.worldbank.org/en/research/commodity-markets,Monthly proxy calibrated to public World Bank commodity-market benchmark ranges; annual reference levels interpolated to monthly frequency with modest seasonality/noise. Not raw World Bank observations.
2025-04-01,Coking Coal,228.36,USD,USD/mt,PROXY,World Bank Commodity Markets / Pink Sheet benchmark family,https://www.worldbank.org/en/research/commodity-markets,Monthly proxy calibrated to public World Bank commodity-market benchmark ranges; annual reference levels interpolated to monthly frequency with modest seasonality/noise. Not raw World Bank observations.
2025-05-01,Coking Coal,220.62,USD,USD/mt,PROXY,World Bank Commodity Markets / Pink Sheet benchmark family,https://www.worldbank.org/en/research/commodity-markets,Monthly proxy calibrated to public World Bank commodity-market benchmark ranges; annual reference levels interpolated to monthly frequency with modest seasonality/noise. Not raw World Bank observations.
2025-06-01,Coking Coal,219.66,USD,USD/mt,PROXY,World Bank Commodity Markets / Pink Sheet benchmark family,https://www.worldbank.org/en/research/commodity-markets,Monthly proxy calibrated to public World Bank commodity-market benchmark ranges; annual reference levels interpolated to monthly frequency with modest seasonality/noise. Not raw World Bank observations.
2025-07-01,Coking Coal,213.34,USD,USD/mt,PROXY,World Bank Commodity Markets / Pink Sheet benchmark family,https://www.worldbank.org/en/research/commodity-markets,Monthly proxy calibrated to public World Bank commodity-market benchmark ranges; annual reference levels interpolated to monthly frequency with modest seasonality/noise. Not raw World Bank observations.
2025-08-01,Coking Coal,211.18,USD,USD/mt,PROXY,World Bank Commodity Markets / Pink Sheet benchmark family,https://www.worldbank.org/en/research/commodity-markets,Monthly proxy calibrated to public World Bank commodity-market benchmark ranges; annual reference levels interpolated to monthly frequency with modest seasonality/noise. Not raw World Bank observations.
2025-09-01,Coking Coal,203.58,USD,USD/mt,PROXY,World Bank Commodity Markets / Pink Sheet benchmark family,https://www.worldbank.org/en/research/commodity-markets,Monthly proxy calibrated to public World Bank commodity-market benchmark ranges; annual reference levels interpolated to monthly frequency with modest seasonality/noise. Not raw World Bank observations.
2025-10-01,Coking Coal,197.48,USD,USD/mt,PROXY,World Bank Commodity Markets / Pink Sheet benchmark family,https://www.worldbank.org/en/research/commodity-markets,Monthly proxy calibrated to public World Bank commodity-market benchmark ranges; annual reference levels interpolated to monthly frequency with modest seasonality/noise. Not raw World Bank observations.
2025-11-01,Coking Coal,198.31,USD,USD/mt,PROXY,World Bank Commodity Markets / Pink Sheet benchmark family,https://www.worldbank.org/en/research/commodity-markets,Monthly proxy calibrated to public World Bank commodity-market benchmark ranges; annual reference levels interpolated to monthly frequency with modest seasonality/noise. Not raw World Bank observations.
2025-12-01,Coking Coal,187.23,USD,USD/mt,PROXY,World Bank Commodity Markets / Pink Sheet benchmark family,https://www.worldbank.org/en/research/commodity-markets,Monthly proxy calibrated to public World Bank commodity-market benchmark ranges; annual reference levels interpolated to monthly frequency with modest seasonality/noise. Not raw World Bank observations.
2026-01-01,Coking Coal,187.81,USD,USD/mt,PROXY,World Bank Commodity Markets / Pink Sheet benchmark family,https://www.worldbank.org/en/research/commodity-markets,Monthly proxy calibrated to public World Bank commodity-market benchmark ranges; annual reference levels interpolated to monthly frequency with modest seasonality/noise. Not raw World Bank observations.
2026-02-01,Coking Coal,190.41,USD,USD/mt,PROXY,World Bank Commodity Markets / Pink Sheet benchmark family,https://www.worldbank.org/en/research/commodity-markets,Monthly proxy calibrated to public World Bank commodity-market benchmark ranges; annual reference levels interpolated to monthly frequency with modest seasonality/noise. Not raw World Bank observations.
2026-03-01,Coking Coal,195.29,USD,USD/mt,PROXY,World Bank Commodity Markets / Pink Sheet benchmark family,https://www.worldbank.org/en/research/commodity-markets,Monthly proxy calibrated to public World Bank commodity-market benchmark ranges; annual reference levels interpolated to monthly frequency with modest seasonality/noise. Not raw World Bank observations.
2026-04-01,Coking Coal,193.67,USD,USD/mt,PROXY,World Bank Commodity Markets / Pink Sheet benchmark family,https://www.worldbank.org/en/research/commodity-markets,Monthly proxy calibrated to public World Bank commodity-market benchmark ranges; annual reference levels interpolated to monthly frequency with modest seasonality/noise. Not raw World Bank observations.
2026-05-01,Coking Coal,201.5,USD,USD/mt,PROXY,World Bank Commodity Markets / Pink Sheet benchmark family,https://www.worldbank.org/en/research/commodity-markets,Monthly proxy calibrated to public World Bank commodity-market benchmark ranges; annual reference levels interpolated to monthly frequency with modest seasonality/noise. Not raw World Bank observations.
2026-06-01,Coking Coal,197.91,USD,USD/mt,PROXY,World Bank Commodity Markets / Pink Sheet benchmark family,https://www.worldbank.org/en/research/commodity-markets,Monthly proxy calibrated to public World Bank commodity-market benchmark ranges; annual reference levels interpolated to monthly frequency with modest seasonality/noise. Not raw World Bank observations.
2026-07-01,Coking Coal,192.27,USD,USD/mt,PROXY,World Bank Commodity Markets / Pink Sheet benchmark family,https://www.worldbank.org/en/research/commodity-markets,Monthly proxy calibrated to public World Bank commodity-market benchmark ranges; annual reference levels interpolated to monthly frequency with modest seasonality/noise. Not raw World Bank observations.
2026-08-01,Coking Coal,192.68,USD,USD/mt,PROXY,World Bank Commodity Markets / Pink Sheet benchmark family,https://www.worldbank.org/en/research/commodity-markets,Monthly proxy calibrated to public World Bank commodity-market benchmark ranges; annual reference levels interpolated to monthly frequency with modest seasonality/noise. Not raw World Bank observations.
2021-01-01,Brent Crude Oil,71.4,USD,USD/bbl,PROXY,World Bank Commodity Markets / Pink Sheet benchmark family,https://www.worldbank.org/en/research/commodity-markets,Monthly proxy calibrated to public World Bank commodity-market benchmark ranges; annual reference levels interpolated to monthly frequency with modest seasonality/noise. Not raw World Bank observations.
2021-02-01,Brent Crude Oil,72.79,USD,USD/bbl,PROXY,World Bank Commodity Markets / Pink Sheet benchmark family,https://www.worldbank.org/en/research/commodity-markets,Monthly proxy calibrated to public World Bank commodity-market benchmark ranges; annual reference levels interpolated to monthly frequency with modest seasonality/noise. Not raw World Bank observations.
2021-03-01,Brent Crude Oil,74.83,USD,USD/bbl,PROXY,World Bank Commodity Markets / Pink Sheet benchmark family,https://www.worldbank.org/en/research/commodity-markets,Monthly proxy calibrated to public World Bank commodity-market benchmark ranges; annual reference levels interpolated to monthly frequency with modest seasonality/noise. Not raw World Bank observations.
2021-04-01,Brent Crude Oil,76.22,USD,USD/bbl,PROXY,World Bank Commodity Markets / Pink Sheet benchmark family,https://www.worldbank.org/en/research/commodity-markets,Monthly proxy calibrated to public World Bank commodity-market benchmark ranges; annual reference levels interpolated to monthly frequency with modest seasonality/noise. Not raw World Bank observations.
2021-05-01,Brent Crude Oil,72.77,USD,USD/bbl,PROXY,World Bank Commodity Markets / Pink Sheet benchmark family,https://www.worldbank.org/en/research/commodity-markets,Monthly proxy calibrated to public World Bank commodity-market benchmark ranges; annual reference levels interpolated to monthly frequency with modest seasonality/noise. Not raw World Bank observations.
2021-06-01,Brent Crude Oil,70.43,USD,USD/bbl,PROXY,World Bank Commodity Markets / Pink Sheet benchmark family,https://www.worldbank.org/en/research/commodity-markets,Monthly proxy calibrated to public World Bank commodity-market benchmark ranges; annual reference levels interpolated to monthly frequency with modest seasonality/noise. Not raw World Bank observations.
2021-07-01,Brent Crude Oil,68.28,USD,USD/bbl,PROXY,World Bank Commodity Markets / Pink Sheet benchmark family,https://www.worldbank.org/en/research/commodity-markets,Monthly proxy calibrated to public World Bank commodity-market benchmark ranges; annual reference levels interpolated to monthly frequency with modest seasonality/noise. Not raw World Bank observations.
2021-08-01,Brent Crude Oil,70.63,USD,USD/bbl,PROXY,World Bank Commodity Markets / Pink Sheet benchmark family,https://www.worldbank.org/en/research/commodity-markets,Monthly proxy calibrated to public World Bank commodity-market benchmark ranges; annual reference levels interpolated to monthly frequency with modest seasonality/noise. Not raw World Bank observations.
2021-09-01,Brent Crude Oil,68.75,USD,USD/bbl,PROXY,World Bank Commodity Markets / Pink Sheet benchmark family,https://www.worldbank.org/en/research/commodity-markets,Monthly proxy calibrated to public World Bank commodity-market benchmark ranges; annual reference levels interpolated to monthly frequency with modest seasonality/noise. Not raw World Bank observations.
2021-10-01,Brent Crude Oil,69.06,USD,USD/bbl,PROXY,World Bank Commodity Markets / Pink Sheet benchmark family,https://www.worldbank.org/en/research/commodity-markets,Monthly proxy calibrated to public World Bank commodity-market benchmark ranges; annual reference levels interpolated to monthly frequency with modest seasonality/noise. Not raw World Bank observations.
2021-11-01,Brent Crude Oil,69.0,USD,USD/bbl,PROXY,World Bank Commodity Markets / Pink Sheet benchmark family,https://www.worldbank.org/en/research/commodity-markets,Monthly proxy calibrated to public World Bank commodity-market benchmark ranges; annual reference levels interpolated to monthly frequency with modest seasonality/noise. Not raw World Bank observations.
2021-12-01,Brent Crude Oil,70.11,USD,USD/bbl,PROXY,World Bank Commodity Markets / Pink Sheet benchmark family,https://www.worldbank.org/en/research/commodity-markets,Monthly proxy calibrated to public World Bank commodity-market benchmark ranges; annual reference levels interpolated to monthly frequency with modest seasonality/noise. Not raw World Bank observations.
2022-01-01,Brent Crude Oil,72.36,USD,USD/bbl,PROXY,World Bank Commodity Markets / Pink Sheet benchmark family,https://www.worldbank.org/en/research/commodity-markets,Monthly proxy calibrated to public World Bank commodity-market benchmark ranges; annual reference levels interpolated to monthly frequency with modest seasonality/noise. Not raw World Bank observations.
2022-02-01,Brent Crude Oil,74.44,USD,USD/bbl,PROXY,World Bank Commodity Markets / Pink Sheet benchmark family,https://www.worldbank.org/en/research/commodity-markets,Monthly proxy calibrated to public World Bank commodity-market benchmark ranges; annual reference levels interpolated to monthly frequency with modest seasonality/noise. Not raw World Bank observations.
2022-03-01,Brent Crude Oil,77.1,USD,USD/bbl,PROXY,World Bank Commodity Markets / Pink Sheet benchmark family,https://www.worldbank.org/en/research/commodity-markets,Monthly proxy calibrated to public World Bank commodity-market benchmark ranges; annual reference levels interpolated to monthly frequency with modest seasonality/noise. Not raw World Bank observations.
2022-04-01,Brent Crude Oil,78.58,USD,USD/bbl,PROXY,World Bank Commodity Markets / Pink Sheet benchmark family,https://www.worldbank.org/en/research/commodity-markets,Monthly proxy calibrated to public World Bank commodity-market benchmark ranges; annual reference levels interpolated to monthly frequency with modest seasonality/noise. Not raw World Bank observations.
2022-05-01,Brent Crude Oil,79.92,USD,USD/bbl,PROXY,World Bank Commodity Markets / Pink Sheet benchmark family,https://www.worldbank.org/en/research/commodity-markets,Monthly proxy calibrated to public World Bank commodity-market benchmark ranges; annual reference levels interpolated to monthly frequency with modest seasonality/noise. Not raw World Bank observations.
2022-06-01,Brent Crude Oil,83.6,USD,USD/bbl,PROXY,World Bank Commodity Markets / Pink Sheet benchmark family,https://www.worldbank.org/en/research/commodity-markets,Monthly proxy calibrated to public World Bank commodity-market benchmark ranges; annual reference levels interpolated to monthly frequency with modest seasonality/noise. Not raw World Bank observations.
2022-07-01,Brent Crude Oil,85.92,USD,USD/bbl,PROXY,World Bank Commodity Markets / Pink Sheet benchmark family,https://www.worldbank.org/en/research/commodity-markets,Monthly proxy calibrated to public World Bank commodity-market benchmark ranges; annual reference levels interpolated to monthly frequency with modest seasonality/noise. Not raw World Bank observations.
2022-08-01,Brent Crude Oil,90.4,USD,USD/bbl,PROXY,World Bank Commodity Markets / Pink Sheet benchmark family,https://www.worldbank.org/en/research/commodity-markets,Monthly proxy calibrated to public World Bank commodity-market benchmark ranges; annual reference levels interpolated to monthly frequency with modest seasonality/noise. Not raw World Bank observations.
2022-09-01,Brent Crude Oil,89.63,USD,USD/bbl,PROXY,World Bank Commodity Markets / Pink Sheet benchmark family,https://www.worldbank.org/en/research/commodity-markets,Monthly proxy calibrated to public World Bank commodity-market benchmark ranges; annual reference levels interpolated to monthly frequency with modest seasonality/noise. Not raw World Bank observations.
2022-10-01,Brent Crude Oil,93.25,USD,USD/bbl,PROXY,World Bank Commodity Markets / Pink Sheet benchmark family,https://www.worldbank.org/en/research/commodity-markets,Monthly proxy calibrated to public World Bank commodity-market benchmark ranges; annual reference levels interpolated to monthly frequency with modest seasonality/noise. Not raw World Bank observations.
2022-11-01,Brent Crude Oil,93.49,USD,USD/bbl,PROXY,World Bank Commodity Markets / Pink Sheet benchmark family,https://www.worldbank.org/en/research/commodity-markets,Monthly proxy calibrated to public World Bank commodity-market benchmark ranges; annual reference levels interpolated to monthly frequency with modest seasonality/noise. Not raw World Bank observations.
2022-12-01,Brent Crude Oil,95.44,USD,USD/bbl,PROXY,World Bank Commodity Markets / Pink Sheet benchmark family,https://www.worldbank.org/en/research/commodity-markets,Monthly proxy calibrated to public World Bank commodity-market benchmark ranges; annual reference levels interpolated to monthly frequency with modest seasonality/noise. Not raw World Bank observations.
2023-01-01,Brent Crude Oil,99.25,USD,USD/bbl,PROXY,World Bank Commodity Markets / Pink Sheet benchmark family,https://www.worldbank.org/en/research/commodity-markets,Monthly proxy calibrated to public World Bank commodity-market benchmark ranges; annual reference levels interpolated to monthly frequency with modest seasonality/noise. Not raw World Bank observations.
2023-02-01,Brent Crude Oil,99.1,USD,USD/bbl,PROXY,World Bank Commodity Markets / Pink Sheet benchmark family,https://www.worldbank.org/en/research/commodity-markets,Monthly proxy calibrated to public World Bank commodity-market benchmark ranges; annual reference levels interpolated to monthly frequency with modest seasonality/noise. Not raw World Bank observations.
2023-03-01,Brent Crude Oil,103.34,USD,USD/bbl,PROXY,World Bank Commodity Markets / Pink Sheet benchmark family,https://www.worldbank.org/en/research/commodity-markets,Monthly proxy calibrated to public World Bank commodity-market benchmark ranges; annual reference levels interpolated to monthly frequency with modest seasonality/noise. Not raw World Bank observations.
2023-04-01,Brent Crude Oil,96.72,USD,USD/bbl,PROXY,World Bank Commodity Markets / Pink Sheet benchmark family,https://www.worldbank.org/en/research/commodity-markets,Monthly proxy calibrated to public World Bank commodity-market benchmark ranges; annual reference levels interpolated to monthly frequency with modest seasonality/noise. Not raw World Bank observations.
2023-05-01,Brent Crude Oil,97.76,USD,USD/bbl,PROXY,World Bank Commodity Markets / Pink Sheet benchmark family,https://www.worldbank.org/en/research/commodity-markets,Monthly proxy calibrated to public World Bank commodity-market benchmark ranges; annual reference levels interpolated to monthly frequency with modest seasonality/noise. Not raw World Bank observations.
2023-06-01,Brent Crude Oil,92.49,USD,USD/bbl,PROXY,World Bank Commodity Markets / Pink Sheet benchmark family,https://www.worldbank.org/en/research/commodity-markets,Monthly proxy calibrated to public World Bank commodity-market benchmark ranges; annual reference levels interpolated to monthly frequency with modest seasonality/noise. Not raw World Bank observations.
2023-07-01,Brent Crude Oil,93.03,USD,USD/bbl,PROXY,World Bank Commodity Markets / Pink Sheet benchmark family,https://www.worldbank.org/en/research/commodity-markets,Monthly proxy calibrated to public World Bank commodity-market benchmark ranges; annual reference levels interpolated to monthly frequency with modest seasonality/noise. Not raw World Bank observations.
2023-08-01,Brent Crude Oil,89.63,USD,USD/bbl,PROXY,World Bank Commodity Markets / Pink Sheet benchmark family,https://www.worldbank.org/en/research/commodity-markets,Monthly proxy calibrated to public World Bank commodity-market benchmark ranges; annual reference levels interpolated to monthly frequency with modest seasonality/noise. Not raw World Bank observations.
2023-09-01,Brent Crude Oil,86.56,USD,USD/bbl,PROXY,World Bank Commodity Markets / Pink Sheet benchmark family,https://www.worldbank.org/en/research/commodity-markets,Monthly proxy calibrated to public World Bank commodity-market benchmark ranges; annual reference levels interpolated to monthly frequency with modest seasonality/noise. Not raw World Bank observations.
2023-10-01,Brent Crude Oil,84.95,USD,USD/bbl,PROXY,World Bank Commodity Markets / Pink Sheet benchmark family,https://www.worldbank.org/en/research/commodity-markets,Monthly proxy calibrated to public World Bank commodity-market benchmark ranges; annual reference levels interpolated to monthly frequency with modest seasonality/noise. Not raw World Bank observations.
2023-11-01,Brent Crude Oil,82.71,USD,USD/bbl,PROXY,World Bank Commodity Markets / Pink Sheet benchmark family,https://www.worldbank.org/en/research/commodity-markets,Monthly proxy calibrated to public World Bank commodity-market benchmark ranges; annual reference levels interpolated to monthly frequency with modest seasonality/noise. Not raw World Bank observations.
2023-12-01,Brent Crude Oil,83.41,USD,USD/bbl,PROXY,World Bank Commodity Markets / Pink Sheet benchmark family,https://www.worldbank.org/en/research/commodity-markets,Monthly proxy calibrated to public World Bank commodity-market benchmark ranges; annual reference levels interpolated to monthly frequency with modest seasonality/noise. Not raw World Bank observations.
2024-01-01,Brent Crude Oil,81.33,USD,USD/bbl,PROXY,World Bank Commodity Markets / Pink Sheet benchmark family,https://www.worldbank.org/en/research/commodity-markets,Monthly proxy calibrated to public World Bank commodity-market benchmark ranges; annual reference levels interpolated to monthly frequency with modest seasonality/noise. Not raw World Bank observations.
2024-02-01,Brent Crude Oil,80.83,USD,USD/bbl,PROXY,World Bank Commodity Markets / Pink Sheet benchmark family,https://www.worldbank.org/en/research/commodity-markets,Monthly proxy calibrated to public World Bank commodity-market benchmark ranges; annual reference levels interpolated to monthly frequency with modest seasonality/noise. Not raw World Bank observations.
2024-03-01,Brent Crude Oil,81.17,USD,USD/bbl,PROXY,World Bank Commodity Markets / Pink Sheet benchmark family,https://www.worldbank.org/en/research/commodity-markets,Monthly proxy calibrated to public World Bank commodity-market benchmark ranges; annual reference levels interpolated to monthly frequency with modest seasonality/noise. Not raw World Bank observations.
2024-04-01,Brent Crude Oil,83.39,USD,USD/bbl,PROXY,World Bank Commodity Markets / Pink Sheet benchmark family,https://www.worldbank.org/en/research/commodity-markets,Monthly proxy calibrated to public World Bank commodity-market benchmark ranges; annual reference levels interpolated to monthly frequency with modest seasonality/noise. Not raw World Bank observations.
2024-05-01,Brent Crude Oil,85.09,USD,USD/bbl,PROXY,World Bank Commodity Markets / Pink Sheet benchmark family,https://www.worldbank.org/en/research/commodity-markets,Monthly proxy calibrated to public World Bank commodity-market benchmark ranges; annual reference levels interpolated to monthly frequency with modest seasonality/noise. Not raw World Bank observations.
2024-06-01,Brent Crude Oil,82.21,USD,USD/bbl,PROXY,World Bank Commodity Markets / Pink Sheet benchmark family,https://www.worldbank.org/en/research/commodity-markets,Monthly proxy calibrated to public World Bank commodity-market benchmark ranges; annual reference levels interpolated to monthly frequency with modest seasonality/noise. Not raw World Bank observations.
2024-07-01,Brent Crude Oil,80.83,USD,USD/bbl,PROXY,World Bank Commodity Markets / Pink Sheet benchmark family,https://www.worldbank.org/en/research/commodity-markets,Monthly proxy calibrated to public World Bank commodity-market benchmark ranges; annual reference levels interpolated to monthly frequency with modest seasonality/noise. Not raw World Bank observations.
2024-08-01,Brent Crude Oil,80.44,USD,USD/bbl,PROXY,World Bank Commodity Markets / Pink Sheet benchmark family,https://www.worldbank.org/en/research/commodity-markets,Monthly proxy calibrated to public World Bank commodity-market benchmark ranges; annual reference levels interpolated to monthly frequency with modest seasonality/noise. Not raw World Bank observations.
2024-09-01,Brent Crude Oil,81.13,USD,USD/bbl,PROXY,World Bank Commodity Markets / Pink Sheet benchmark family,https://www.worldbank.org/en/research/commodity-markets,Monthly proxy calibrated to public World Bank commodity-market benchmark ranges; annual reference levels interpolated to monthly frequency with modest seasonality/noise. Not raw World Bank observations.
2024-10-01,Brent Crude Oil,79.2,USD,USD/bbl,PROXY,World Bank Commodity Markets / Pink Sheet benchmark family,https://www.worldbank.org/en/research/commodity-markets,Monthly proxy calibrated to public World Bank commodity-market benchmark ranges; annual reference levels interpolated to monthly frequency with modest seasonality/noise. Not raw World Bank observations.
2024-11-01,Brent Crude Oil,78.36,USD,USD/bbl,PROXY,World Bank Commodity Markets / Pink Sheet benchmark family,https://www.worldbank.org/en/research/commodity-markets,Monthly proxy calibrated to public World Bank commodity-market benchmark ranges; annual reference levels interpolated to monthly frequency with modest seasonality/noise. Not raw World Bank observations.
2024-12-01,Brent Crude Oil,80.95,USD,USD/bbl,PROXY,World Bank Commodity Markets / Pink Sheet benchmark family,https://www.worldbank.org/en/research/commodity-markets,Monthly proxy calibrated to public World Bank commodity-market benchmark ranges; annual reference levels interpolated to monthly frequency with modest seasonality/noise. Not raw World Bank observations.
2025-01-01,Brent Crude Oil,80.62,USD,USD/bbl,PROXY,World Bank Commodity Markets / Pink Sheet benchmark family,https://www.worldbank.org/en/research/commodity-markets,Monthly proxy calibrated to public World Bank commodity-market benchmark ranges; annual reference levels interpolated to monthly frequency with modest seasonality/noise. Not raw World Bank observations.
2025-02-01,Brent Crude Oil,82.17,USD,USD/bbl,PROXY,World Bank Commodity Markets / Pink Sheet benchmark family,https://www.worldbank.org/en/research/commodity-markets,Monthly proxy calibrated to public World Bank commodity-market benchmark ranges; annual reference levels interpolated to monthly frequency with modest seasonality/noise. Not raw World Bank observations.
2025-03-01,Brent Crude Oil,79.95,USD,USD/bbl,PROXY,World Bank Commodity Markets / Pink Sheet benchmark family,https://www.worldbank.org/en/research/commodity-markets,Monthly proxy calibrated to public World Bank commodity-market benchmark ranges; annual reference levels interpolated to monthly frequency with modest seasonality/noise. Not raw World Bank observations.
2025-04-01,Brent Crude Oil,77.31,USD,USD/bbl,PROXY,World Bank Commodity Markets / Pink Sheet benchmark family,https://www.worldbank.org/en/research/commodity-markets,Monthly proxy calibrated to public World Bank commodity-market benchmark ranges; annual reference levels interpolated to monthly frequency with modest seasonality/noise. Not raw World Bank observations.
2025-05-01,Brent Crude Oil,76.07,USD,USD/bbl,PROXY,World Bank Commodity Markets / Pink Sheet benchmark family,https://www.worldbank.org/en/research/commodity-markets,Monthly proxy calibrated to public World Bank commodity-market benchmark ranges; annual reference levels interpolated to monthly frequency with modest seasonality/noise. Not raw World Bank observations.
2025-06-01,Brent Crude Oil,78.87,USD,USD/bbl,PROXY,World Bank Commodity Markets / Pink Sheet benchmark family,https://www.worldbank.org/en/research/commodity-markets,Monthly proxy calibrated to public World Bank commodity-market benchmark ranges; annual reference levels interpolated to monthly frequency with modest seasonality/noise. Not raw World Bank observations.
2025-07-01,Brent Crude Oil,77.33,USD,USD/bbl,PROXY,World Bank Commodity Markets / Pink Sheet benchmark family,https://www.worldbank.org/en/research/commodity-markets,Monthly proxy calibrated to public World Bank commodity-market benchmark ranges; annual reference levels interpolated to monthly frequency with modest seasonality/noise. Not raw World Bank observations.
2025-08-01,Brent Crude Oil,73.19,USD,USD/bbl,PROXY,World Bank Commodity Markets / Pink Sheet benchmark family,https://www.worldbank.org/en/research/commodity-markets,Monthly proxy calibrated to public World Bank commodity-market benchmark ranges; annual reference levels interpolated to monthly frequency with modest seasonality/noise. Not raw World Bank observations.
2025-09-01,Brent Crude Oil,71.57,USD,USD/bbl,PROXY,World Bank Commodity Markets / Pink Sheet benchmark family,https://www.worldbank.org/en/research/commodity-markets,Monthly proxy calibrated to public World Bank commodity-market benchmark ranges; annual reference levels interpolated to monthly frequency with modest seasonality/noise. Not raw World Bank observations.
2025-10-01,Brent Crude Oil,72.92,USD,USD/bbl,PROXY,World Bank Commodity Markets / Pink Sheet benchmark family,https://www.worldbank.org/en/research/commodity-markets,Monthly proxy calibrated to public World Bank commodity-market benchmark ranges; annual reference levels interpolated to monthly frequency with modest seasonality/noise. Not raw World Bank observations.
2025-11-01,Brent Crude Oil,69.02,USD,USD/bbl,PROXY,World Bank Commodity Markets / Pink Sheet benchmark family,https://www.worldbank.org/en/research/commodity-markets,Monthly proxy calibrated to public World Bank commodity-market benchmark ranges; annual reference levels interpolated to monthly frequency with modest seasonality/noise. Not raw World Bank observations.
2025-12-01,Brent Crude Oil,69.0,USD,USD/bbl,PROXY,World Bank Commodity Markets / Pink Sheet benchmark family,https://www.worldbank.org/en/research/commodity-markets,Monthly proxy calibrated to public World Bank commodity-market benchmark ranges; annual reference levels interpolated to monthly frequency with modest seasonality/noise. Not raw World Bank observations.
2026-01-01,Brent Crude Oil,70.81,USD,USD/bbl,PROXY,World Bank Commodity Markets / Pink Sheet benchmark family,https://www.worldbank.org/en/research/commodity-markets,Monthly proxy calibrated to public World Bank commodity-market benchmark ranges; annual reference levels interpolated to monthly frequency with modest seasonality/noise. Not raw World Bank observations.
2026-02-01,Brent Crude Oil,70.62,USD,USD/bbl,PROXY,World Bank Commodity Markets / Pink Sheet benchmark family,https://www.worldbank.org/en/research/commodity-markets,Monthly proxy calibrated to public World Bank commodity-market benchmark ranges; annual reference levels interpolated to monthly frequency with modest seasonality/noise. Not raw World Bank observations.
2026-03-01,Brent Crude Oil,72.05,USD,USD/bbl,PROXY,World Bank Commodity Markets / Pink Sheet benchmark family,https://www.worldbank.org/en/research/commodity-markets,Monthly proxy calibrated to public World Bank commodity-market benchmark ranges; annual reference levels interpolated to monthly frequency with modest seasonality/noise. Not raw World Bank observations.
2026-04-01,Brent Crude Oil,72.46,USD,USD/bbl,PROXY,World Bank Commodity Markets / Pink Sheet benchmark family,https://www.worldbank.org/en/research/commodity-markets,Monthly proxy calibrated to public World Bank commodity-market benchmark ranges; annual reference levels interpolated to monthly frequency with modest seasonality/noise. Not raw World Bank observations.
2026-05-01,Brent Crude Oil,73.35,USD,USD/bbl,PROXY,World Bank Commodity Markets / Pink Sheet benchmark family,https://www.worldbank.org/en/research/commodity-markets,Monthly proxy calibrated to public World Bank commodity-market benchmark ranges; annual reference levels interpolated to monthly frequency with modest seasonality/noise. Not raw World Bank observations.
2026-06-01,Brent Crude Oil,74.65,USD,USD/bbl,PROXY,World Bank Commodity Markets / Pink Sheet benchmark family,https://www.worldbank.org/en/research/commodity-markets,Monthly proxy calibrated to public World Bank commodity-market benchmark ranges; annual reference levels interpolated to monthly frequency with modest seasonality/noise. Not raw World Bank observations.
2026-07-01,Brent Crude Oil,72.62,USD,USD/bbl,PROXY,World Bank Commodity Markets / Pink Sheet benchmark family,https://www.worldbank.org/en/research/commodity-markets,Monthly proxy calibrated to public World Bank commodity-market benchmark ranges; annual reference levels interpolated to monthly frequency with modest seasonality/noise. Not raw World Bank observations.
2026-08-01,Brent Crude Oil,73.02,USD,USD/bbl,PROXY,World Bank Commodity Markets / Pink Sheet benchmark family,https://www.worldbank.org/en/research/commodity-markets,Monthly proxy calibrated to public World Bank commodity-market benchmark ranges; annual reference levels interpolated to monthly frequency with modest seasonality/noise. Not raw World Bank observations.
2021-01-01,Bunker Fuel 380 CST,414.13,USD,USD/mt,PROXY,World Bank Commodity Markets / Pink Sheet benchmark family,https://www.worldbank.org/en/research/commodity-markets,Monthly proxy calibrated to public World Bank commodity-market benchmark ranges; annual reference levels interpolated to monthly frequency with modest seasonality/noise. Not raw World Bank observations.
2021-02-01,Bunker Fuel 380 CST,434.99,USD,USD/mt,PROXY,World Bank Commodity Markets / Pink Sheet benchmark family,https://www.worldbank.org/en/research/commodity-markets,Monthly proxy calibrated to public World Bank commodity-market benchmark ranges; annual reference levels interpolated to monthly frequency with modest seasonality/noise. Not raw World Bank observations.
2021-03-01,Bunker Fuel 380 CST,432.64,USD,USD/mt,PROXY,World Bank Commodity Markets / Pink Sheet benchmark family,https://www.worldbank.org/en/research/commodity-markets,Monthly proxy calibrated to public World Bank commodity-market benchmark ranges; annual reference levels interpolated to monthly frequency with modest seasonality/noise. Not raw World Bank observations.
2021-04-01,Bunker Fuel 380 CST,431.08,USD,USD/mt,PROXY,World Bank Commodity Markets / Pink Sheet benchmark family,https://www.worldbank.org/en/research/commodity-markets,Monthly proxy calibrated to public World Bank commodity-market benchmark ranges; annual reference levels interpolated to monthly frequency with modest seasonality/noise. Not raw World Bank observations.
2021-05-01,Bunker Fuel 380 CST,432.37,USD,USD/mt,PROXY,World Bank Commodity Markets / Pink Sheet benchmark family,https://www.worldbank.org/en/research/commodity-markets,Monthly proxy calibrated to public World Bank commodity-market benchmark ranges; annual reference levels interpolated to monthly frequency with modest seasonality/noise. Not raw World Bank observations.
2021-06-01,Bunker Fuel 380 CST,432.76,USD,USD/mt,PROXY,World Bank Commodity Markets / Pink Sheet benchmark family,https://www.worldbank.org/en/research/commodity-markets,Monthly proxy calibrated to public World Bank commodity-market benchmark ranges; annual reference levels interpolated to monthly frequency with modest seasonality/noise. Not raw World Bank observations.
2021-07-01,Bunker Fuel 380 CST,437.09,USD,USD/mt,PROXY,World Bank Commodity Markets / Pink Sheet benchmark family,https://www.worldbank.org/en/research/commodity-markets,Monthly proxy calibrated to public World Bank commodity-market benchmark ranges; annual reference levels interpolated to monthly frequency with modest seasonality/noise. Not raw World Bank observations.
2021-08-01,Bunker Fuel 380 CST,414.49,USD,USD/mt,PROXY,World Bank Commodity Markets / Pink Sheet benchmark family,https://www.worldbank.org/en/research/commodity-markets,Monthly proxy calibrated to public World Bank commodity-market benchmark ranges; annual reference levels interpolated to monthly frequency with modest seasonality/noise. Not raw World Bank observations.
2021-09-01,Bunker Fuel 380 CST,420.92,USD,USD/mt,PROXY,World Bank Commodity Markets / Pink Sheet benchmark family,https://www.worldbank.org/en/research/commodity-markets,Monthly proxy calibrated to public World Bank commodity-market benchmark ranges; annual reference levels interpolated to monthly frequency with modest seasonality/noise. Not raw World Bank observations.
2021-10-01,Bunker Fuel 380 CST,415.6,USD,USD/mt,PROXY,World Bank Commodity Markets / Pink Sheet benchmark family,https://www.worldbank.org/en/research/commodity-markets,Monthly proxy calibrated to public World Bank commodity-market benchmark ranges; annual reference levels interpolated to monthly frequency with modest seasonality/noise. Not raw World Bank observations.
2021-11-01,Bunker Fuel 380 CST,418.21,USD,USD/mt,PROXY,World Bank Commodity Markets / Pink Sheet benchmark family,https://www.worldbank.org/en/research/commodity-markets,Monthly proxy calibrated to public World Bank commodity-market benchmark ranges; annual reference levels interpolated to monthly frequency with modest seasonality/noise. Not raw World Bank observations.
2021-12-01,Bunker Fuel 380 CST,432.29,USD,USD/mt,PROXY,World Bank Commodity Markets / Pink Sheet benchmark family,https://www.worldbank.org/en/research/commodity-markets,Monthly proxy calibrated to public World Bank commodity-market benchmark ranges; annual reference levels interpolated to monthly frequency with modest seasonality/noise. Not raw World Bank observations.
2022-01-01,Bunker Fuel 380 CST,434.17,USD,USD/mt,PROXY,World Bank Commodity Markets / Pink Sheet benchmark family,https://www.worldbank.org/en/research/commodity-markets,Monthly proxy calibrated to public World Bank commodity-market benchmark ranges; annual reference levels interpolated to monthly frequency with modest seasonality/noise. Not raw World Bank observations.
2022-02-01,Bunker Fuel 380 CST,464.87,USD,USD/mt,PROXY,World Bank Commodity Markets / Pink Sheet benchmark family,https://www.worldbank.org/en/research/commodity-markets,Monthly proxy calibrated to public World Bank commodity-market benchmark ranges; annual reference levels interpolated to monthly frequency with modest seasonality/noise. Not raw World Bank observations.
2022-03-01,Bunker Fuel 380 CST,475.44,USD,USD/mt,PROXY,World Bank Commodity Markets / Pink Sheet benchmark family,https://www.worldbank.org/en/research/commodity-markets,Monthly proxy calibrated to public World Bank commodity-market benchmark ranges; annual reference levels interpolated to monthly frequency with modest seasonality/noise. Not raw World Bank observations.
2022-04-01,Bunker Fuel 380 CST,490.9,USD,USD/mt,PROXY,World Bank Commodity Markets / Pink Sheet benchmark family,https://www.worldbank.org/en/research/commodity-markets,Monthly proxy calibrated to public World Bank commodity-market benchmark ranges; annual reference levels interpolated to monthly frequency with modest seasonality/noise. Not raw World Bank observations.
2022-05-01,Bunker Fuel 380 CST,512.16,USD,USD/mt,PROXY,World Bank Commodity Markets / Pink Sheet benchmark family,https://www.worldbank.org/en/research/commodity-markets,Monthly proxy calibrated to public World Bank commodity-market benchmark ranges; annual reference levels interpolated to monthly frequency with modest seasonality/noise. Not raw World Bank observations.
2022-06-01,Bunker Fuel 380 CST,530.49,USD,USD/mt,PROXY,World Bank Commodity Markets / Pink Sheet benchmark family,https://www.worldbank.org/en/research/commodity-markets,Monthly proxy calibrated to public World Bank commodity-market benchmark ranges; annual reference levels interpolated to monthly frequency with modest seasonality/noise. Not raw World Bank observations.
2022-07-01,Bunker Fuel 380 CST,541.72,USD,USD/mt,PROXY,World Bank Commodity Markets / Pink Sheet benchmark family,https://www.worldbank.org/en/research/commodity-markets,Monthly proxy calibrated to public World Bank commodity-market benchmark ranges; annual reference levels interpolated to monthly frequency with modest seasonality/noise. Not raw World Bank observations.
2022-08-01,Bunker Fuel 380 CST,540.59,USD,USD/mt,PROXY,World Bank Commodity Markets / Pink Sheet benchmark family,https://www.worldbank.org/en/research/commodity-markets,Monthly proxy calibrated to public World Bank commodity-market benchmark ranges; annual reference levels interpolated to monthly frequency with modest seasonality/noise. Not raw World Bank observations.
2022-09-01,Bunker Fuel 380 CST,565.1,USD,USD/mt,PROXY,World Bank Commodity Markets / Pink Sheet benchmark family,https://www.worldbank.org/en/research/commodity-markets,Monthly proxy calibrated to public World Bank commodity-market benchmark ranges; annual reference levels interpolated to monthly frequency with modest seasonality/noise. Not raw World Bank observations.
2022-10-01,Bunker Fuel 380 CST,582.51,USD,USD/mt,PROXY,World Bank Commodity Markets / Pink Sheet benchmark family,https://www.worldbank.org/en/research/commodity-markets,Monthly proxy calibrated to public World Bank commodity-market benchmark ranges; annual reference levels interpolated to monthly frequency with modest seasonality/noise. Not raw World Bank observations.
2022-11-01,Bunker Fuel 380 CST,627.25,USD,USD/mt,PROXY,World Bank Commodity Markets / Pink Sheet benchmark family,https://www.worldbank.org/en/research/commodity-markets,Monthly proxy calibrated to public World Bank commodity-market benchmark ranges; annual reference levels interpolated to monthly frequency with modest seasonality/noise. Not raw World Bank observations.
2022-12-01,Bunker Fuel 380 CST,644.84,USD,USD/mt,PROXY,World Bank Commodity Markets / Pink Sheet benchmark family,https://www.worldbank.org/en/research/commodity-markets,Monthly proxy calibrated to public World Bank commodity-market benchmark ranges; annual reference levels interpolated to monthly frequency with modest seasonality/noise. Not raw World Bank observations.
2023-01-01,Bunker Fuel 380 CST,640.02,USD,USD/mt,PROXY,World Bank Commodity Markets / Pink Sheet benchmark family,https://www.worldbank.org/en/research/commodity-markets,Monthly proxy calibrated to public World Bank commodity-market benchmark ranges; annual reference levels interpolated to monthly frequency with modest seasonality/noise. Not raw World Bank observations.
2023-02-01,Bunker Fuel 380 CST,646.75,USD,USD/mt,PROXY,World Bank Commodity Markets / Pink Sheet benchmark family,https://www.worldbank.org/en/research/commodity-markets,Monthly proxy calibrated to public World Bank commodity-market benchmark ranges; annual reference levels interpolated to monthly frequency with modest seasonality/noise. Not raw World Bank observations.
2023-03-01,Bunker Fuel 380 CST,630.83,USD,USD/mt,PROXY,World Bank Commodity Markets / Pink Sheet benchmark family,https://www.worldbank.org/en/research/commodity-markets,Monthly proxy calibrated to public World Bank commodity-market benchmark ranges; annual reference levels interpolated to monthly frequency with modest seasonality/noise. Not raw World Bank observations.
2023-04-01,Bunker Fuel 380 CST,635.08,USD,USD/mt,PROXY,World Bank Commodity Markets / Pink Sheet benchmark family,https://www.worldbank.org/en/research/commodity-markets,Monthly proxy calibrated to public World Bank commodity-market benchmark ranges; annual reference levels interpolated to monthly frequency with modest seasonality/noise. Not raw World Bank observations.
2023-05-01,Bunker Fuel 380 CST,635.31,USD,USD/mt,PROXY,World Bank Commodity Markets / Pink Sheet benchmark family,https://www.worldbank.org/en/research/commodity-markets,Monthly proxy calibrated to public World Bank commodity-market benchmark ranges; annual reference levels interpolated to monthly frequency with modest seasonality/noise. Not raw World Bank observations.
2023-06-01,Bunker Fuel 380 CST,631.46,USD,USD/mt,PROXY,World Bank Commodity Markets / Pink Sheet benchmark family,https://www.worldbank.org/en/research/commodity-markets,Monthly proxy calibrated to public World Bank commodity-market benchmark ranges; annual reference levels interpolated to monthly frequency with modest seasonality/noise. Not raw World Bank observations.
2023-07-01,Bunker Fuel 380 CST,594.59,USD,USD/mt,PROXY,World Bank Commodity Markets / Pink Sheet benchmark family,https://www.worldbank.org/en/research/commodity-markets,Monthly proxy calibrated to public World Bank commodity-market benchmark ranges; annual reference levels interpolated to monthly frequency with modest seasonality/noise. Not raw World Bank observations.
2023-08-01,Bunker Fuel 380 CST,580.24,USD,USD/mt,PROXY,World Bank Commodity Markets / Pink Sheet benchmark family,https://www.worldbank.org/en/research/commodity-markets,Monthly proxy calibrated to public World Bank commodity-market benchmark ranges; annual reference levels interpolated to monthly frequency with modest seasonality/noise. Not raw World Bank observations.
2023-09-01,Bunker Fuel 380 CST,551.78,USD,USD/mt,PROXY,World Bank Commodity Markets / Pink Sheet benchmark family,https://www.worldbank.org/en/research/commodity-markets,Monthly proxy calibrated to public World Bank commodity-market benchmark ranges; annual reference levels interpolated to monthly frequency with modest seasonality/noise. Not raw World Bank observations.
2023-10-01,Bunker Fuel 380 CST,562.63,USD,USD/mt,PROXY,World Bank Commodity Markets / Pink Sheet benchmark family,https://www.worldbank.org/en/research/commodity-markets,Monthly proxy calibrated to public World Bank commodity-market benchmark ranges; annual reference levels interpolated to monthly frequency with modest seasonality/noise. Not raw World Bank observations.
2023-11-01,Bunker Fuel 380 CST,547.79,USD,USD/mt,PROXY,World Bank Commodity Markets / Pink Sheet benchmark family,https://www.worldbank.org/en/research/commodity-markets,Monthly proxy calibrated to public World Bank commodity-market benchmark ranges; annual reference levels interpolated to monthly frequency with modest seasonality/noise. Not raw World Bank observations.
2023-12-01,Bunker Fuel 380 CST,550.58,USD,USD/mt,PROXY,World Bank Commodity Markets / Pink Sheet benchmark family,https://www.worldbank.org/en/research/commodity-markets,Monthly proxy calibrated to public World Bank commodity-market benchmark ranges; annual reference levels interpolated to monthly frequency with modest seasonality/noise. Not raw World Bank observations.
2024-01-01,Bunker Fuel 380 CST,546.24,USD,USD/mt,PROXY,World Bank Commodity Markets / Pink Sheet benchmark family,https://www.worldbank.org/en/research/commodity-markets,Monthly proxy calibrated to public World Bank commodity-market benchmark ranges; annual reference levels interpolated to monthly frequency with modest seasonality/noise. Not raw World Bank observations.
2024-02-01,Bunker Fuel 380 CST,563.51,USD,USD/mt,PROXY,World Bank Commodity Markets / Pink Sheet benchmark family,https://www.worldbank.org/en/research/commodity-markets,Monthly proxy calibrated to public World Bank commodity-market benchmark ranges; annual reference levels interpolated to monthly frequency with modest seasonality/noise. Not raw World Bank observations.
2024-03-01,Bunker Fuel 380 CST,554.02,USD,USD/mt,PROXY,World Bank Commodity Markets / Pink Sheet benchmark family,https://www.worldbank.org/en/research/commodity-markets,Monthly proxy calibrated to public World Bank commodity-market benchmark ranges; annual reference levels interpolated to monthly frequency with modest seasonality/noise. Not raw World Bank observations.
2024-04-01,Bunker Fuel 380 CST,561.34,USD,USD/mt,PROXY,World Bank Commodity Markets / Pink Sheet benchmark family,https://www.worldbank.org/en/research/commodity-markets,Monthly proxy calibrated to public World Bank commodity-market benchmark ranges; annual reference levels interpolated to monthly frequency with modest seasonality/noise. Not raw World Bank observations.
2024-05-01,Bunker Fuel 380 CST,599.36,USD,USD/mt,PROXY,World Bank Commodity Markets / Pink Sheet benchmark family,https://www.worldbank.org/en/research/commodity-markets,Monthly proxy calibrated to public World Bank commodity-market benchmark ranges; annual reference levels interpolated to monthly frequency with modest seasonality/noise. Not raw World Bank observations.
2024-06-01,Bunker Fuel 380 CST,561.28,USD,USD/mt,PROXY,World Bank Commodity Markets / Pink Sheet benchmark family,https://www.worldbank.org/en/research/commodity-markets,Monthly proxy calibrated to public World Bank commodity-market benchmark ranges; annual reference levels interpolated to monthly frequency with modest seasonality/noise. Not raw World Bank observations.
2024-07-01,Bunker Fuel 380 CST,558.75,USD,USD/mt,PROXY,World Bank Commodity Markets / Pink Sheet benchmark family,https://www.worldbank.org/en/research/commodity-markets,Monthly proxy calibrated to public World Bank commodity-market benchmark ranges; annual reference levels interpolated to monthly frequency with modest seasonality/noise. Not raw World Bank observations.
2024-08-01,Bunker Fuel 380 CST,584.04,USD,USD/mt,PROXY,World Bank Commodity Markets / Pink Sheet benchmark family,https://www.worldbank.org/en/research/commodity-markets,Monthly proxy calibrated to public World Bank commodity-market benchmark ranges; annual reference levels interpolated to monthly frequency with modest seasonality/noise. Not raw World Bank observations.
2024-09-01,Bunker Fuel 380 CST,591.97,USD,USD/mt,PROXY,World Bank Commodity Markets / Pink Sheet benchmark family,https://www.worldbank.org/en/research/commodity-markets,Monthly proxy calibrated to public World Bank commodity-market benchmark ranges; annual reference levels interpolated to monthly frequency with modest seasonality/noise. Not raw World Bank observations.
2024-10-01,Bunker Fuel 380 CST,551.19,USD,USD/mt,PROXY,World Bank Commodity Markets / Pink Sheet benchmark family,https://www.worldbank.org/en/research/commodity-markets,Monthly proxy calibrated to public World Bank commodity-market benchmark ranges; annual reference levels interpolated to monthly frequency with modest seasonality/noise. Not raw World Bank observations.
2024-11-01,Bunker Fuel 380 CST,563.68,USD,USD/mt,PROXY,World Bank Commodity Markets / Pink Sheet benchmark family,https://www.worldbank.org/en/research/commodity-markets,Monthly proxy calibrated to public World Bank commodity-market benchmark ranges; annual reference levels interpolated to monthly frequency with modest seasonality/noise. Not raw World Bank observations.
2024-12-01,Bunker Fuel 380 CST,578.76,USD,USD/mt,PROXY,World Bank Commodity Markets / Pink Sheet benchmark family,https://www.worldbank.org/en/research/commodity-markets,Monthly proxy calibrated to public World Bank commodity-market benchmark ranges; annual reference levels interpolated to monthly frequency with modest seasonality/noise. Not raw World Bank observations.
2025-01-01,Bunker Fuel 380 CST,603.2,USD,USD/mt,PROXY,World Bank Commodity Markets / Pink Sheet benchmark family,https://www.worldbank.org/en/research/commodity-markets,Monthly proxy calibrated to public World Bank commodity-market benchmark ranges; annual reference levels interpolated to monthly frequency with modest seasonality/noise. Not raw World Bank observations.
2025-02-01,Bunker Fuel 380 CST,576.4,USD,USD/mt,PROXY,World Bank Commodity Markets / Pink Sheet benchmark family,https://www.worldbank.org/en/research/commodity-markets,Monthly proxy calibrated to public World Bank commodity-market benchmark ranges; annual reference levels interpolated to monthly frequency with modest seasonality/noise. Not raw World Bank observations.
2025-03-01,Bunker Fuel 380 CST,584.01,USD,USD/mt,PROXY,World Bank Commodity Markets / Pink Sheet benchmark family,https://www.worldbank.org/en/research/commodity-markets,Monthly proxy calibrated to public World Bank commodity-market benchmark ranges; annual reference levels interpolated to monthly frequency with modest seasonality/noise. Not raw World Bank observations.
2025-04-01,Bunker Fuel 380 CST,591.13,USD,USD/mt,PROXY,World Bank Commodity Markets / Pink Sheet benchmark family,https://www.worldbank.org/en/research/commodity-markets,Monthly proxy calibrated to public World Bank commodity-market benchmark ranges; annual reference levels interpolated to monthly frequency with modest seasonality/noise. Not raw World Bank observations.
2025-05-01,Bunker Fuel 380 CST,580.03,USD,USD/mt,PROXY,World Bank Commodity Markets / Pink Sheet benchmark family,https://www.worldbank.org/en/research/commodity-markets,Monthly proxy calibrated to public World Bank commodity-market benchmark ranges; annual reference levels interpolated to monthly frequency with modest seasonality/noise. Not raw World Bank observations.
2025-06-01,Bunker Fuel 380 CST,561.07,USD,USD/mt,PROXY,World Bank Commodity Markets / Pink Sheet benchmark family,https://www.worldbank.org/en/research/commodity-markets,Monthly proxy calibrated to public World Bank commodity-market benchmark ranges; annual reference levels interpolated to monthly frequency with modest seasonality/noise. Not raw World Bank observations.
2025-07-01,Bunker Fuel 380 CST,551.17,USD,USD/mt,PROXY,World Bank Commodity Markets / Pink Sheet benchmark family,https://www.worldbank.org/en/research/commodity-markets,Monthly proxy calibrated to public World Bank commodity-market benchmark ranges; annual reference levels interpolated to monthly frequency with modest seasonality/noise. Not raw World Bank observations.
2025-08-01,Bunker Fuel 380 CST,526.87,USD,USD/mt,PROXY,World Bank Commodity Markets / Pink Sheet benchmark family,https://www.worldbank.org/en/research/commodity-markets,Monthly proxy calibrated to public World Bank commodity-market benchmark ranges; annual reference levels interpolated to monthly frequency with modest seasonality/noise. Not raw World Bank observations.
2025-09-01,Bunker Fuel 380 CST,527.67,USD,USD/mt,PROXY,World Bank Commodity Markets / Pink Sheet benchmark family,https://www.worldbank.org/en/research/commodity-markets,Monthly proxy calibrated to public World Bank commodity-market benchmark ranges; annual reference levels interpolated to monthly frequency with modest seasonality/noise. Not raw World Bank observations.
2025-10-01,Bunker Fuel 380 CST,520.34,USD,USD/mt,PROXY,World Bank Commodity Markets / Pink Sheet benchmark family,https://www.worldbank.org/en/research/commodity-markets,Monthly proxy calibrated to public World Bank commodity-market benchmark ranges; annual reference levels interpolated to monthly frequency with modest seasonality/noise. Not raw World Bank observations.
2025-11-01,Bunker Fuel 380 CST,521.51,USD,USD/mt,PROXY,World Bank Commodity Markets / Pink Sheet benchmark family,https://www.worldbank.org/en/research/commodity-markets,Monthly proxy calibrated to public World Bank commodity-market benchmark ranges; annual reference levels interpolated to monthly frequency with modest seasonality/noise. Not raw World Bank observations.
2025-12-01,Bunker Fuel 380 CST,513.66,USD,USD/mt,PROXY,World Bank Commodity Markets / Pink Sheet benchmark family,https://www.worldbank.org/en/research/commodity-markets,Monthly proxy calibrated to public World Bank commodity-market benchmark ranges; annual reference levels interpolated to monthly frequency with modest seasonality/noise. Not raw World Bank observations.
2026-01-01,Bunker Fuel 380 CST,524.41,USD,USD/mt,PROXY,World Bank Commodity Markets / Pink Sheet benchmark family,https://www.worldbank.org/en/research/commodity-markets,Monthly proxy calibrated to public World Bank commodity-market benchmark ranges; annual reference levels interpolated to monthly frequency with modest seasonality/noise. Not raw World Bank observations.
2026-02-01,Bunker Fuel 380 CST,539.53,USD,USD/mt,PROXY,World Bank Commodity Markets / Pink Sheet benchmark family,https://www.worldbank.org/en/research/commodity-markets,Monthly proxy calibrated to public World Bank commodity-market benchmark ranges; annual reference levels interpolated to monthly frequency with modest seasonality/noise. Not raw World Bank observations.
2026-03-01,Bunker Fuel 380 CST,539.57,USD,USD/mt,PROXY,World Bank Commodity Markets / Pink Sheet benchmark family,https://www.worldbank.org/en/research/commodity-markets,Monthly proxy calibrated to public World Bank commodity-market benchmark ranges; annual reference levels interpolated to monthly frequency with modest seasonality/noise. Not raw World Bank observations.
2026-04-01,Bunker Fuel 380 CST,546.69,USD,USD/mt,PROXY,World Bank Commodity Markets / Pink Sheet benchmark family,https://www.worldbank.org/en/research/commodity-markets,Monthly proxy calibrated to public World Bank commodity-market benchmark ranges; annual reference levels interpolated to monthly frequency with modest seasonality/noise. Not raw World Bank observations.
2026-05-01,Bunker Fuel 380 CST,545.4,USD,USD/mt,PROXY,World Bank Commodity Markets / Pink Sheet benchmark family,https://www.worldbank.org/en/research/commodity-markets,Monthly proxy calibrated to public World Bank commodity-market benchmark ranges; annual reference levels interpolated to monthly frequency with modest seasonality/noise. Not raw World Bank observations.
2026-06-01,Bunker Fuel 380 CST,543.38,USD,USD/mt,PROXY,World Bank Commodity Markets / Pink Sheet benchmark family,https://www.worldbank.org/en/research/commodity-markets,Monthly proxy calibrated to public World Bank commodity-market benchmark ranges; annual reference levels interpolated to monthly frequency with modest seasonality/noise. Not raw World Bank observations.
2026-07-01,Bunker Fuel 380 CST,532.99,USD,USD/mt,PROXY,World Bank Commodity Markets / Pink Sheet benchmark family,https://www.worldbank.org/en/research/commodity-markets,Monthly proxy calibrated to public World Bank commodity-market benchmark ranges; annual reference levels interpolated to monthly frequency with modest seasonality/noise. Not raw World Bank observations.
2026-08-01,Bunker Fuel 380 CST,539.6,USD,USD/mt,PROXY,World Bank Commodity Markets / Pink Sheet benchmark family,https://www.worldbank.org/en/research/commodity-markets,Monthly proxy calibrated to public World Bank commodity-market benchmark ranges; annual reference levels interpolated to monthly frequency with modest seasonality/noise. Not raw World Bank observations.
