date,port,vessel_waiting_time_hours,congestion_index,berth_occupancy,vessel_count,data_status,source,source_url,methodology
2021-01-01,Haldia,38.92,99.71,68.61,28,PROXY,"India Ministry of Ports, Shipping and Waterways / Sagar Unnati",https://shipmin.dashboard.nic.in/,Historical monthly congestion proxy calibrated to publicly reported Indian major-port pre-berthing waiting times and Sagar Unnati vessel-position/traffic information. Not a historical AIS-derived observation series.
2021-02-01,Haldia,39.32,103.39,75.23,29,PROXY,"India Ministry of Ports, Shipping and Waterways / Sagar Unnati",https://shipmin.dashboard.nic.in/,Historical monthly congestion proxy calibrated to publicly reported Indian major-port pre-berthing waiting times and Sagar Unnati vessel-position/traffic information. Not a historical AIS-derived observation series.
2021-03-01,Haldia,44.8,115.24,80.05,32,PROXY,"India Ministry of Ports, Shipping and Waterways / Sagar Unnati",https://shipmin.dashboard.nic.in/,Historical monthly congestion proxy calibrated to publicly reported Indian major-port pre-berthing waiting times and Sagar Unnati vessel-position/traffic information. Not a historical AIS-derived observation series.
2021-04-01,Haldia,41.47,104.78,69.85,32,PROXY,"India Ministry of Ports, Shipping and Waterways / Sagar Unnati",https://shipmin.dashboard.nic.in/,Historical monthly congestion proxy calibrated to publicly reported Indian major-port pre-berthing waiting times and Sagar Unnati vessel-position/traffic information. Not a historical AIS-derived observation series.
2021-05-01,Haldia,39.46,101.71,70.97,28,PROXY,"India Ministry of Ports, Shipping and Waterways / Sagar Unnati",https://shipmin.dashboard.nic.in/,Historical monthly congestion proxy calibrated to publicly reported Indian major-port pre-berthing waiting times and Sagar Unnati vessel-position/traffic information. Not a historical AIS-derived observation series.
2021-06-01,Haldia,36.14,97.17,73.91,26,PROXY,"India Ministry of Ports, Shipping and Waterways / Sagar Unnati",https://shipmin.dashboard.nic.in/,Historical monthly congestion proxy calibrated to publicly reported Indian major-port pre-berthing waiting times and Sagar Unnati vessel-position/traffic information. Not a historical AIS-derived observation series.
2021-07-01,Haldia,32.44,84.48,60.24,28,PROXY,"India Ministry of Ports, Shipping and Waterways / Sagar Unnati",https://shipmin.dashboard.nic.in/,Historical monthly congestion proxy calibrated to publicly reported Indian major-port pre-berthing waiting times and Sagar Unnati vessel-position/traffic information. Not a historical AIS-derived observation series.
2021-08-01,Haldia,24.74,71.32,61.24,23,PROXY,"India Ministry of Ports, Shipping and Waterways / Sagar Unnati",https://shipmin.dashboard.nic.in/,Historical monthly congestion proxy calibrated to publicly reported Indian major-port pre-berthing waiting times and Sagar Unnati vessel-position/traffic information. Not a historical AIS-derived observation series.
2021-09-01,Haldia,26.78,76.7,65.21,20,PROXY,"India Ministry of Ports, Shipping and Waterways / Sagar Unnati",https://shipmin.dashboard.nic.in/,Historical monthly congestion proxy calibrated to publicly reported Indian major-port pre-berthing waiting times and Sagar Unnati vessel-position/traffic information. Not a historical AIS-derived observation series.
2021-10-01,Haldia,21.23,63.0,56.54,19,PROXY,"India Ministry of Ports, Shipping and Waterways / Sagar Unnati",https://shipmin.dashboard.nic.in/,Historical monthly congestion proxy calibrated to publicly reported Indian major-port pre-berthing waiting times and Sagar Unnati vessel-position/traffic information. Not a historical AIS-derived observation series.
2021-11-01,Haldia,31.45,84.34,63.8,26,PROXY,"India Ministry of Ports, Shipping and Waterways / Sagar Unnati",https://shipmin.dashboard.nic.in/,Historical monthly congestion proxy calibrated to publicly reported Indian major-port pre-berthing waiting times and Sagar Unnati vessel-position/traffic information. Not a historical AIS-derived observation series.
2021-12-01,Haldia,28.81,78.9,62.11,21,PROXY,"India Ministry of Ports, Shipping and Waterways / Sagar Unnati",https://shipmin.dashboard.nic.in/,Historical monthly congestion proxy calibrated to publicly reported Indian major-port pre-berthing waiting times and Sagar Unnati vessel-position/traffic information. Not a historical AIS-derived observation series.
2022-01-01,Haldia,33.69,91.37,70.62,30,PROXY,"India Ministry of Ports, Shipping and Waterways / Sagar Unnati",https://shipmin.dashboard.nic.in/,Historical monthly congestion proxy calibrated to publicly reported Indian major-port pre-berthing waiting times and Sagar Unnati vessel-position/traffic information. Not a historical AIS-derived observation series.
2022-02-01,Haldia,40.5,104.59,73.25,31,PROXY,"India Ministry of Ports, Shipping and Waterways / Sagar Unnati",https://shipmin.dashboard.nic.in/,Historical monthly congestion proxy calibrated to publicly reported Indian major-port pre-berthing waiting times and Sagar Unnati vessel-position/traffic information. Not a historical AIS-derived observation series.
2022-03-01,Haldia,35.0,93.39,69.98,24,PROXY,"India Ministry of Ports, Shipping and Waterways / Sagar Unnati",https://shipmin.dashboard.nic.in/,Historical monthly congestion proxy calibrated to publicly reported Indian major-port pre-berthing waiting times and Sagar Unnati vessel-position/traffic information. Not a historical AIS-derived observation series.
2022-04-01,Haldia,37.37,99.76,74.85,30,PROXY,"India Ministry of Ports, Shipping and Waterways / Sagar Unnati",https://shipmin.dashboard.nic.in/,Historical monthly congestion proxy calibrated to publicly reported Indian major-port pre-berthing waiting times and Sagar Unnati vessel-position/traffic information. Not a historical AIS-derived observation series.
2022-05-01,Haldia,35.44,94.1,69.83,25,PROXY,"India Ministry of Ports, Shipping and Waterways / Sagar Unnati",https://shipmin.dashboard.nic.in/,Historical monthly congestion proxy calibrated to publicly reported Indian major-port pre-berthing waiting times and Sagar Unnati vessel-position/traffic information. Not a historical AIS-derived observation series.
2022-06-01,Haldia,24.86,71.74,61.71,19,PROXY,"India Ministry of Ports, Shipping and Waterways / Sagar Unnati",https://shipmin.dashboard.nic.in/,Historical monthly congestion proxy calibrated to publicly reported Indian major-port pre-berthing waiting times and Sagar Unnati vessel-position/traffic information. Not a historical AIS-derived observation series.
2022-07-01,Haldia,34.1,92.0,70.42,22,PROXY,"India Ministry of Ports, Shipping and Waterways / Sagar Unnati",https://shipmin.dashboard.nic.in/,Historical monthly congestion proxy calibrated to publicly reported Indian major-port pre-berthing waiting times and Sagar Unnati vessel-position/traffic information. Not a historical AIS-derived observation series.
2022-08-01,Haldia,28.77,78.16,60.62,25,PROXY,"India Ministry of Ports, Shipping and Waterways / Sagar Unnati",https://shipmin.dashboard.nic.in/,Historical monthly congestion proxy calibrated to publicly reported Indian major-port pre-berthing waiting times and Sagar Unnati vessel-position/traffic information. Not a historical AIS-derived observation series.
2022-09-01,Haldia,21.32,63.66,57.71,24,PROXY,"India Ministry of Ports, Shipping and Waterways / Sagar Unnati",https://shipmin.dashboard.nic.in/,Historical monthly congestion proxy calibrated to publicly reported Indian major-port pre-berthing waiting times and Sagar Unnati vessel-position/traffic information. Not a historical AIS-derived observation series.
2022-10-01,Haldia,24.37,69.12,57.84,19,PROXY,"India Ministry of Ports, Shipping and Waterways / Sagar Unnati",https://shipmin.dashboard.nic.in/,Historical monthly congestion proxy calibrated to publicly reported Indian major-port pre-berthing waiting times and Sagar Unnati vessel-position/traffic information. Not a historical AIS-derived observation series.
2022-11-01,Haldia,22.39,68.38,63.94,18,PROXY,"India Ministry of Ports, Shipping and Waterways / Sagar Unnati",https://shipmin.dashboard.nic.in/,Historical monthly congestion proxy calibrated to publicly reported Indian major-port pre-berthing waiting times and Sagar Unnati vessel-position/traffic information. Not a historical AIS-derived observation series.
2022-12-01,Haldia,35.6,97.69,77.17,26,PROXY,"India Ministry of Ports, Shipping and Waterways / Sagar Unnati",https://shipmin.dashboard.nic.in/,Historical monthly congestion proxy calibrated to publicly reported Indian major-port pre-berthing waiting times and Sagar Unnati vessel-position/traffic information. Not a historical AIS-derived observation series.
2023-01-01,Haldia,34.99,92.12,67.21,27,PROXY,"India Ministry of Ports, Shipping and Waterways / Sagar Unnati",https://shipmin.dashboard.nic.in/,Historical monthly congestion proxy calibrated to publicly reported Indian major-port pre-berthing waiting times and Sagar Unnati vessel-position/traffic information. Not a historical AIS-derived observation series.
2023-02-01,Haldia,45.26,113.21,73.68,33,PROXY,"India Ministry of Ports, Shipping and Waterways / Sagar Unnati",https://shipmin.dashboard.nic.in/,Historical monthly congestion proxy calibrated to publicly reported Indian major-port pre-berthing waiting times and Sagar Unnati vessel-position/traffic information. Not a historical AIS-derived observation series.
2023-03-01,Haldia,36.82,95.41,67.33,26,PROXY,"India Ministry of Ports, Shipping and Waterways / Sagar Unnati",https://shipmin.dashboard.nic.in/,Historical monthly congestion proxy calibrated to publicly reported Indian major-port pre-berthing waiting times and Sagar Unnati vessel-position/traffic information. Not a historical AIS-derived observation series.
2023-04-01,Haldia,35.82,94.21,68.59,28,PROXY,"India Ministry of Ports, Shipping and Waterways / Sagar Unnati",https://shipmin.dashboard.nic.in/,Historical monthly congestion proxy calibrated to publicly reported Indian major-port pre-berthing waiting times and Sagar Unnati vessel-position/traffic information. Not a historical AIS-derived observation series.
2023-05-01,Haldia,41.05,105.9,74.03,31,PROXY,"India Ministry of Ports, Shipping and Waterways / Sagar Unnati",https://shipmin.dashboard.nic.in/,Historical monthly congestion proxy calibrated to publicly reported Indian major-port pre-berthing waiting times and Sagar Unnati vessel-position/traffic information. Not a historical AIS-derived observation series.
2023-06-01,Haldia,29.96,81.73,63.87,22,PROXY,"India Ministry of Ports, Shipping and Waterways / Sagar Unnati",https://shipmin.dashboard.nic.in/,Historical monthly congestion proxy calibrated to publicly reported Indian major-port pre-berthing waiting times and Sagar Unnati vessel-position/traffic information. Not a historical AIS-derived observation series.
2023-07-01,Haldia,22.26,63.74,54.14,22,PROXY,"India Ministry of Ports, Shipping and Waterways / Sagar Unnati",https://shipmin.dashboard.nic.in/,Historical monthly congestion proxy calibrated to publicly reported Indian major-port pre-berthing waiting times and Sagar Unnati vessel-position/traffic information. Not a historical AIS-derived observation series.
2023-08-01,Haldia,24.81,72.97,64.64,24,PROXY,"India Ministry of Ports, Shipping and Waterways / Sagar Unnati",https://shipmin.dashboard.nic.in/,Historical monthly congestion proxy calibrated to publicly reported Indian major-port pre-berthing waiting times and Sagar Unnati vessel-position/traffic information. Not a historical AIS-derived observation series.
2023-09-01,Haldia,27.25,72.62,54.27,23,PROXY,"India Ministry of Ports, Shipping and Waterways / Sagar Unnati",https://shipmin.dashboard.nic.in/,Historical monthly congestion proxy calibrated to publicly reported Indian major-port pre-berthing waiting times and Sagar Unnati vessel-position/traffic information. Not a historical AIS-derived observation series.
2023-10-01,Haldia,24.37,71.3,62.7,20,PROXY,"India Ministry of Ports, Shipping and Waterways / Sagar Unnati",https://shipmin.dashboard.nic.in/,Historical monthly congestion proxy calibrated to publicly reported Indian major-port pre-berthing waiting times and Sagar Unnati vessel-position/traffic information. Not a historical AIS-derived observation series.
2023-11-01,Haldia,30.04,83.19,66.8,24,PROXY,"India Ministry of Ports, Shipping and Waterways / Sagar Unnati",https://shipmin.dashboard.nic.in/,Historical monthly congestion proxy calibrated to publicly reported Indian major-port pre-berthing waiting times and Sagar Unnati vessel-position/traffic information. Not a historical AIS-derived observation series.
2023-12-01,Haldia,33.81,91.24,69.89,26,PROXY,"India Ministry of Ports, Shipping and Waterways / Sagar Unnati",https://shipmin.dashboard.nic.in/,Historical monthly congestion proxy calibrated to publicly reported Indian major-port pre-berthing waiting times and Sagar Unnati vessel-position/traffic information. Not a historical AIS-derived observation series.
2024-01-01,Haldia,30.11,82.96,66.02,26,PROXY,"India Ministry of Ports, Shipping and Waterways / Sagar Unnati",https://shipmin.dashboard.nic.in/,Historical monthly congestion proxy calibrated to publicly reported Indian major-port pre-berthing waiting times and Sagar Unnati vessel-position/traffic information. Not a historical AIS-derived observation series.
2024-02-01,Haldia,43.7,111.01,74.94,36,PROXY,"India Ministry of Ports, Shipping and Waterways / Sagar Unnati",https://shipmin.dashboard.nic.in/,Historical monthly congestion proxy calibrated to publicly reported Indian major-port pre-berthing waiting times and Sagar Unnati vessel-position/traffic information. Not a historical AIS-derived observation series.
2024-03-01,Haldia,37.7,98.93,71.7,26,PROXY,"India Ministry of Ports, Shipping and Waterways / Sagar Unnati",https://shipmin.dashboard.nic.in/,Historical monthly congestion proxy calibrated to publicly reported Indian major-port pre-berthing waiting times and Sagar Unnati vessel-position/traffic information. Not a historical AIS-derived observation series.
2024-04-01,Haldia,37.44,101.48,78.36,28,PROXY,"India Ministry of Ports, Shipping and Waterways / Sagar Unnati",https://shipmin.dashboard.nic.in/,Historical monthly congestion proxy calibrated to publicly reported Indian major-port pre-berthing waiting times and Sagar Unnati vessel-position/traffic information. Not a historical AIS-derived observation series.
2024-05-01,Haldia,46.5,119.83,83.54,38,PROXY,"India Ministry of Ports, Shipping and Waterways / Sagar Unnati",https://shipmin.dashboard.nic.in/,Historical monthly congestion proxy calibrated to publicly reported Indian major-port pre-berthing waiting times and Sagar Unnati vessel-position/traffic information. Not a historical AIS-derived observation series.
2024-06-01,Haldia,28.77,81.73,68.55,23,PROXY,"India Ministry of Ports, Shipping and Waterways / Sagar Unnati",https://shipmin.dashboard.nic.in/,Historical monthly congestion proxy calibrated to publicly reported Indian major-port pre-berthing waiting times and Sagar Unnati vessel-position/traffic information. Not a historical AIS-derived observation series.
2024-07-01,Haldia,28.69,80.65,66.47,21,PROXY,"India Ministry of Ports, Shipping and Waterways / Sagar Unnati",https://shipmin.dashboard.nic.in/,Historical monthly congestion proxy calibrated to publicly reported Indian major-port pre-berthing waiting times and Sagar Unnati vessel-position/traffic information. Not a historical AIS-derived observation series.
2024-08-01,Haldia,29.66,82.27,66.26,22,PROXY,"India Ministry of Ports, Shipping and Waterways / Sagar Unnati",https://shipmin.dashboard.nic.in/,Historical monthly congestion proxy calibrated to publicly reported Indian major-port pre-berthing waiting times and Sagar Unnati vessel-position/traffic information. Not a historical AIS-derived observation series.
2024-09-01,Haldia,30.65,81.8,61.33,26,PROXY,"India Ministry of Ports, Shipping and Waterways / Sagar Unnati",https://shipmin.dashboard.nic.in/,Historical monthly congestion proxy calibrated to publicly reported Indian major-port pre-berthing waiting times and Sagar Unnati vessel-position/traffic information. Not a historical AIS-derived observation series.
2024-10-01,Haldia,24.91,70.26,58.25,20,PROXY,"India Ministry of Ports, Shipping and Waterways / Sagar Unnati",https://shipmin.dashboard.nic.in/,Historical monthly congestion proxy calibrated to publicly reported Indian major-port pre-berthing waiting times and Sagar Unnati vessel-position/traffic information. Not a historical AIS-derived observation series.
2024-11-01,Haldia,21.88,63.09,54.2,19,PROXY,"India Ministry of Ports, Shipping and Waterways / Sagar Unnati",https://shipmin.dashboard.nic.in/,Historical monthly congestion proxy calibrated to publicly reported Indian major-port pre-berthing waiting times and Sagar Unnati vessel-position/traffic information. Not a historical AIS-derived observation series.
2024-12-01,Haldia,33.76,90.96,69.45,27,PROXY,"India Ministry of Ports, Shipping and Waterways / Sagar Unnati",https://shipmin.dashboard.nic.in/,Historical monthly congestion proxy calibrated to publicly reported Indian major-port pre-berthing waiting times and Sagar Unnati vessel-position/traffic information. Not a historical AIS-derived observation series.
2025-01-01,Haldia,40.3,104.81,74.54,29,PROXY,"India Ministry of Ports, Shipping and Waterways / Sagar Unnati",https://shipmin.dashboard.nic.in/,Historical monthly congestion proxy calibrated to publicly reported Indian major-port pre-berthing waiting times and Sagar Unnati vessel-position/traffic information. Not a historical AIS-derived observation series.
2025-02-01,Haldia,29.85,82.81,66.72,25,PROXY,"India Ministry of Ports, Shipping and Waterways / Sagar Unnati",https://shipmin.dashboard.nic.in/,Historical monthly congestion proxy calibrated to publicly reported Indian major-port pre-berthing waiting times and Sagar Unnati vessel-position/traffic information. Not a historical AIS-derived observation series.
2025-03-01,Haldia,45.3,113.18,73.47,32,PROXY,"India Ministry of Ports, Shipping and Waterways / Sagar Unnati",https://shipmin.dashboard.nic.in/,Historical monthly congestion proxy calibrated to publicly reported Indian major-port pre-berthing waiting times and Sagar Unnati vessel-position/traffic information. Not a historical AIS-derived observation series.
2025-04-01,Haldia,43.15,114.23,84.25,32,PROXY,"India Ministry of Ports, Shipping and Waterways / Sagar Unnati",https://shipmin.dashboard.nic.in/,Historical monthly congestion proxy calibrated to publicly reported Indian major-port pre-berthing waiting times and Sagar Unnati vessel-position/traffic information. Not a historical AIS-derived observation series.
2025-05-01,Haldia,37.47,95.64,65.29,28,PROXY,"India Ministry of Ports, Shipping and Waterways / Sagar Unnati",https://shipmin.dashboard.nic.in/,Historical monthly congestion proxy calibrated to publicly reported Indian major-port pre-berthing waiting times and Sagar Unnati vessel-position/traffic information. Not a historical AIS-derived observation series.
2025-06-01,Haldia,24.51,69.74,58.65,27,PROXY,"India Ministry of Ports, Shipping and Waterways / Sagar Unnati",https://shipmin.dashboard.nic.in/,Historical monthly congestion proxy calibrated to publicly reported Indian major-port pre-berthing waiting times and Sagar Unnati vessel-position/traffic information. Not a historical AIS-derived observation series.
2025-07-01,Haldia,28.75,76.97,58.08,24,PROXY,"India Ministry of Ports, Shipping and Waterways / Sagar Unnati",https://shipmin.dashboard.nic.in/,Historical monthly congestion proxy calibrated to publicly reported Indian major-port pre-berthing waiting times and Sagar Unnati vessel-position/traffic information. Not a historical AIS-derived observation series.
2025-08-01,Haldia,32.51,88.22,68.29,28,PROXY,"India Ministry of Ports, Shipping and Waterways / Sagar Unnati",https://shipmin.dashboard.nic.in/,Historical monthly congestion proxy calibrated to publicly reported Indian major-port pre-berthing waiting times and Sagar Unnati vessel-position/traffic information. Not a historical AIS-derived observation series.
2025-09-01,Haldia,30.27,84.02,67.76,27,PROXY,"India Ministry of Ports, Shipping and Waterways / Sagar Unnati",https://shipmin.dashboard.nic.in/,Historical monthly congestion proxy calibrated to publicly reported Indian major-port pre-berthing waiting times and Sagar Unnati vessel-position/traffic information. Not a historical AIS-derived observation series.
2025-10-01,Haldia,33.89,91.5,70.17,28,PROXY,"India Ministry of Ports, Shipping and Waterways / Sagar Unnati",https://shipmin.dashboard.nic.in/,Historical monthly congestion proxy calibrated to publicly reported Indian major-port pre-berthing waiting times and Sagar Unnati vessel-position/traffic information. Not a historical AIS-derived observation series.
2025-11-01,Haldia,33.68,87.73,62.62,25,PROXY,"India Ministry of Ports, Shipping and Waterways / Sagar Unnati",https://shipmin.dashboard.nic.in/,Historical monthly congestion proxy calibrated to publicly reported Indian major-port pre-berthing waiting times and Sagar Unnati vessel-position/traffic information. Not a historical AIS-derived observation series.
2025-12-01,Haldia,29.53,82.96,68.32,25,PROXY,"India Ministry of Ports, Shipping and Waterways / Sagar Unnati",https://shipmin.dashboard.nic.in/,Historical monthly congestion proxy calibrated to publicly reported Indian major-port pre-berthing waiting times and Sagar Unnati vessel-position/traffic information. Not a historical AIS-derived observation series.
2026-01-01,Haldia,38.52,102.01,75.31,28,PROXY,"India Ministry of Ports, Shipping and Waterways / Sagar Unnati",https://shipmin.dashboard.nic.in/,Historical monthly congestion proxy calibrated to publicly reported Indian major-port pre-berthing waiting times and Sagar Unnati vessel-position/traffic information. Not a historical AIS-derived observation series.
2026-02-01,Haldia,34.08,93.67,74.23,27,PROXY,"India Ministry of Ports, Shipping and Waterways / Sagar Unnati",https://shipmin.dashboard.nic.in/,Historical monthly congestion proxy calibrated to publicly reported Indian major-port pre-berthing waiting times and Sagar Unnati vessel-position/traffic information. Not a historical AIS-derived observation series.
2026-03-01,Haldia,39.23,105.04,79.26,30,PROXY,"India Ministry of Ports, Shipping and Waterways / Sagar Unnati",https://shipmin.dashboard.nic.in/,Historical monthly congestion proxy calibrated to publicly reported Indian major-port pre-berthing waiting times and Sagar Unnati vessel-position/traffic information. Not a historical AIS-derived observation series.
2026-04-01,Haldia,33.55,87.55,62.71,27,PROXY,"India Ministry of Ports, Shipping and Waterways / Sagar Unnati",https://shipmin.dashboard.nic.in/,Historical monthly congestion proxy calibrated to publicly reported Indian major-port pre-berthing waiting times and Sagar Unnati vessel-position/traffic information. Not a historical AIS-derived observation series.
2026-05-01,Haldia,43.52,112.36,78.66,34,PROXY,"India Ministry of Ports, Shipping and Waterways / Sagar Unnati",https://shipmin.dashboard.nic.in/,Historical monthly congestion proxy calibrated to publicly reported Indian major-port pre-berthing waiting times and Sagar Unnati vessel-position/traffic information. Not a historical AIS-derived observation series.
2026-06-01,Haldia,33.13,89.17,67.95,28,PROXY,"India Ministry of Ports, Shipping and Waterways / Sagar Unnati",https://shipmin.dashboard.nic.in/,Historical monthly congestion proxy calibrated to publicly reported Indian major-port pre-berthing waiting times and Sagar Unnati vessel-position/traffic information. Not a historical AIS-derived observation series.
2026-07-01,Haldia,29.47,84.14,71.15,24,PROXY,"India Ministry of Ports, Shipping and Waterways / Sagar Unnati",https://shipmin.dashboard.nic.in/,Historical monthly congestion proxy calibrated to publicly reported Indian major-port pre-berthing waiting times and Sagar Unnati vessel-position/traffic information. Not a historical AIS-derived observation series.
2026-08-01,Haldia,27.81,77.62,63.18,19,PROXY,"India Ministry of Ports, Shipping and Waterways / Sagar Unnati",https://shipmin.dashboard.nic.in/,Historical monthly congestion proxy calibrated to publicly reported Indian major-port pre-berthing waiting times and Sagar Unnati vessel-position/traffic information. Not a historical AIS-derived observation series.
2021-01-01,Paradip,2.48,77.22,47.27,5,PROXY,"India Ministry of Ports, Shipping and Waterways / Sagar Unnati",https://shipmin.dashboard.nic.in/,Historical monthly congestion proxy calibrated to publicly reported Indian major-port pre-berthing waiting times and Sagar Unnati vessel-position/traffic information. Not a historical AIS-derived observation series.
2021-02-01,Paradip,3.09,89.82,45.03,13,PROXY,"India Ministry of Ports, Shipping and Waterways / Sagar Unnati",https://shipmin.dashboard.nic.in/,Historical monthly congestion proxy calibrated to publicly reported Indian major-port pre-berthing waiting times and Sagar Unnati vessel-position/traffic information. Not a historical AIS-derived observation series.
2021-03-01,Paradip,2.94,87.29,46.63,12,PROXY,"India Ministry of Ports, Shipping and Waterways / Sagar Unnati",https://shipmin.dashboard.nic.in/,Historical monthly congestion proxy calibrated to publicly reported Indian major-port pre-berthing waiting times and Sagar Unnati vessel-position/traffic information. Not a historical AIS-derived observation series.
2021-04-01,Paradip,2.82,82.23,41.43,10,PROXY,"India Ministry of Ports, Shipping and Waterways / Sagar Unnati",https://shipmin.dashboard.nic.in/,Historical monthly congestion proxy calibrated to publicly reported Indian major-port pre-berthing waiting times and Sagar Unnati vessel-position/traffic information. Not a historical AIS-derived observation series.
2021-05-01,Paradip,2.46,74.71,42.99,10,PROXY,"India Ministry of Ports, Shipping and Waterways / Sagar Unnati",https://shipmin.dashboard.nic.in/,Historical monthly congestion proxy calibrated to publicly reported Indian major-port pre-berthing waiting times and Sagar Unnati vessel-position/traffic information. Not a historical AIS-derived observation series.
2021-06-01,Paradip,2.3,71.49,43.64,7,PROXY,"India Ministry of Ports, Shipping and Waterways / Sagar Unnati",https://shipmin.dashboard.nic.in/,Historical monthly congestion proxy calibrated to publicly reported Indian major-port pre-berthing waiting times and Sagar Unnati vessel-position/traffic information. Not a historical AIS-derived observation series.
2021-07-01,Paradip,2.33,70.33,39.54,12,PROXY,"India Ministry of Ports, Shipping and Waterways / Sagar Unnati",https://shipmin.dashboard.nic.in/,Historical monthly congestion proxy calibrated to publicly reported Indian major-port pre-berthing waiting times and Sagar Unnati vessel-position/traffic information. Not a historical AIS-derived observation series.
2021-08-01,Paradip,2.13,66.93,42.19,11,PROXY,"India Ministry of Ports, Shipping and Waterways / Sagar Unnati",https://shipmin.dashboard.nic.in/,Historical monthly congestion proxy calibrated to publicly reported Indian major-port pre-berthing waiting times and Sagar Unnati vessel-position/traffic information. Not a historical AIS-derived observation series.
2021-09-01,Paradip,1.11,45.74,46.18,10,PROXY,"India Ministry of Ports, Shipping and Waterways / Sagar Unnati",https://shipmin.dashboard.nic.in/,Historical monthly congestion proxy calibrated to publicly reported Indian major-port pre-berthing waiting times and Sagar Unnati vessel-position/traffic information. Not a historical AIS-derived observation series.
2021-10-01,Paradip,2.49,74.25,40.49,10,PROXY,"India Ministry of Ports, Shipping and Waterways / Sagar Unnati",https://shipmin.dashboard.nic.in/,Historical monthly congestion proxy calibrated to publicly reported Indian major-port pre-berthing waiting times and Sagar Unnati vessel-position/traffic information. Not a historical AIS-derived observation series.
2021-11-01,Paradip,2.32,71.16,42.15,9,PROXY,"India Ministry of Ports, Shipping and Waterways / Sagar Unnati",https://shipmin.dashboard.nic.in/,Historical monthly congestion proxy calibrated to publicly reported Indian major-port pre-berthing waiting times and Sagar Unnati vessel-position/traffic information. Not a historical AIS-derived observation series.
2021-12-01,Paradip,1.76,61.59,48.65,8,PROXY,"India Ministry of Ports, Shipping and Waterways / Sagar Unnati",https://shipmin.dashboard.nic.in/,Historical monthly congestion proxy calibrated to publicly reported Indian major-port pre-berthing waiting times and Sagar Unnati vessel-position/traffic information. Not a historical AIS-derived observation series.
2022-01-01,Paradip,2.27,70.26,42.31,12,PROXY,"India Ministry of Ports, Shipping and Waterways / Sagar Unnati",https://shipmin.dashboard.nic.in/,Historical monthly congestion proxy calibrated to publicly reported Indian major-port pre-berthing waiting times and Sagar Unnati vessel-position/traffic information. Not a historical AIS-derived observation series.
2022-02-01,Paradip,3.21,91.78,43.3,13,PROXY,"India Ministry of Ports, Shipping and Waterways / Sagar Unnati",https://shipmin.dashboard.nic.in/,Historical monthly congestion proxy calibrated to publicly reported Indian major-port pre-berthing waiting times and Sagar Unnati vessel-position/traffic information. Not a historical AIS-derived observation series.
2022-03-01,Paradip,2.71,80.28,42.79,10,PROXY,"India Ministry of Ports, Shipping and Waterways / Sagar Unnati",https://shipmin.dashboard.nic.in/,Historical monthly congestion proxy calibrated to publicly reported Indian major-port pre-berthing waiting times and Sagar Unnati vessel-position/traffic information. Not a historical AIS-derived observation series.
2022-04-01,Paradip,2.31,73.9,48.5,13,PROXY,"India Ministry of Ports, Shipping and Waterways / Sagar Unnati",https://shipmin.dashboard.nic.in/,Historical monthly congestion proxy calibrated to publicly reported Indian major-port pre-berthing waiting times and Sagar Unnati vessel-position/traffic information. Not a historical AIS-derived observation series.
2022-05-01,Paradip,2.61,76.19,38.45,4,PROXY,"India Ministry of Ports, Shipping and Waterways / Sagar Unnati",https://shipmin.dashboard.nic.in/,Historical monthly congestion proxy calibrated to publicly reported Indian major-port pre-berthing waiting times and Sagar Unnati vessel-position/traffic information. Not a historical AIS-derived observation series.
2022-06-01,Paradip,2.96,84.89,40.47,11,PROXY,"India Ministry of Ports, Shipping and Waterways / Sagar Unnati",https://shipmin.dashboard.nic.in/,Historical monthly congestion proxy calibrated to publicly reported Indian major-port pre-berthing waiting times and Sagar Unnati vessel-position/traffic information. Not a historical AIS-derived observation series.
2022-07-01,Paradip,3.09,86.64,37.85,9,PROXY,"India Ministry of Ports, Shipping and Waterways / Sagar Unnati",https://shipmin.dashboard.nic.in/,Historical monthly congestion proxy calibrated to publicly reported Indian major-port pre-berthing waiting times and Sagar Unnati vessel-position/traffic information. Not a historical AIS-derived observation series.
2022-08-01,Paradip,2.43,71.97,38.0,11,PROXY,"India Ministry of Ports, Shipping and Waterways / Sagar Unnati",https://shipmin.dashboard.nic.in/,Historical monthly congestion proxy calibrated to publicly reported Indian major-port pre-berthing waiting times and Sagar Unnati vessel-position/traffic information. Not a historical AIS-derived observation series.
2022-09-01,Paradip,1.96,61.95,39.39,10,PROXY,"India Ministry of Ports, Shipping and Waterways / Sagar Unnati",https://shipmin.dashboard.nic.in/,Historical monthly congestion proxy calibrated to publicly reported Indian major-port pre-berthing waiting times and Sagar Unnati vessel-position/traffic information. Not a historical AIS-derived observation series.
2022-10-01,Paradip,1.22,46.04,41.11,15,PROXY,"India Ministry of Ports, Shipping and Waterways / Sagar Unnati",https://shipmin.dashboard.nic.in/,Historical monthly congestion proxy calibrated to publicly reported Indian major-port pre-berthing waiting times and Sagar Unnati vessel-position/traffic information. Not a historical AIS-derived observation series.
2022-11-01,Paradip,2.17,68.52,43.37,12,PROXY,"India Ministry of Ports, Shipping and Waterways / Sagar Unnati",https://shipmin.dashboard.nic.in/,Historical monthly congestion proxy calibrated to publicly reported Indian major-port pre-berthing waiting times and Sagar Unnati vessel-position/traffic information. Not a historical AIS-derived observation series.
2022-12-01,Paradip,2.51,74.02,38.97,11,PROXY,"India Ministry of Ports, Shipping and Waterways / Sagar Unnati",https://shipmin.dashboard.nic.in/,Historical monthly congestion proxy calibrated to publicly reported Indian major-port pre-berthing waiting times and Sagar Unnati vessel-position/traffic information. Not a historical AIS-derived observation series.
2023-01-01,Paradip,3.3,95.79,47.44,12,PROXY,"India Ministry of Ports, Shipping and Waterways / Sagar Unnati",https://shipmin.dashboard.nic.in/,Historical monthly congestion proxy calibrated to publicly reported Indian major-port pre-berthing waiting times and Sagar Unnati vessel-position/traffic information. Not a historical AIS-derived observation series.
2023-02-01,Paradip,3.17,88.11,37.09,10,PROXY,"India Ministry of Ports, Shipping and Waterways / Sagar Unnati",https://shipmin.dashboard.nic.in/,Historical monthly congestion proxy calibrated to publicly reported Indian major-port pre-berthing waiting times and Sagar Unnati vessel-position/traffic information. Not a historical AIS-derived observation series.
2023-03-01,Paradip,3.33,99.88,55.21,8,PROXY,"India Ministry of Ports, Shipping and Waterways / Sagar Unnati",https://shipmin.dashboard.nic.in/,Historical monthly congestion proxy calibrated to publicly reported Indian major-port pre-berthing waiting times and Sagar Unnati vessel-position/traffic information. Not a historical AIS-derived observation series.
2023-04-01,Paradip,3.18,89.86,40.58,6,PROXY,"India Ministry of Ports, Shipping and Waterways / Sagar Unnati",https://shipmin.dashboard.nic.in/,Historical monthly congestion proxy calibrated to publicly reported Indian major-port pre-berthing waiting times and Sagar Unnati vessel-position/traffic information. Not a historical AIS-derived observation series.
2023-05-01,Paradip,2.55,77.35,44.08,11,PROXY,"India Ministry of Ports, Shipping and Waterways / Sagar Unnati",https://shipmin.dashboard.nic.in/,Historical monthly congestion proxy calibrated to publicly reported Indian major-port pre-berthing waiting times and Sagar Unnati vessel-position/traffic information. Not a historical AIS-derived observation series.
2023-06-01,Paradip,2.65,78.09,40.76,13,PROXY,"India Ministry of Ports, Shipping and Waterways / Sagar Unnati",https://shipmin.dashboard.nic.in/,Historical monthly congestion proxy calibrated to publicly reported Indian major-port pre-berthing waiting times and Sagar Unnati vessel-position/traffic information. Not a historical AIS-derived observation series.
2023-07-01,Paradip,2.0,66.21,46.79,11,PROXY,"India Ministry of Ports, Shipping and Waterways / Sagar Unnati",https://shipmin.dashboard.nic.in/,Historical monthly congestion proxy calibrated to publicly reported Indian major-port pre-berthing waiting times and Sagar Unnati vessel-position/traffic information. Not a historical AIS-derived observation series.
2023-08-01,Paradip,2.08,63.0,35.59,8,PROXY,"India Ministry of Ports, Shipping and Waterways / Sagar Unnati",https://shipmin.dashboard.nic.in/,Historical monthly congestion proxy calibrated to publicly reported Indian major-port pre-berthing waiting times and Sagar Unnati vessel-position/traffic information. Not a historical AIS-derived observation series.
2023-09-01,Paradip,1.96,63.68,43.21,10,PROXY,"India Ministry of Ports, Shipping and Waterways / Sagar Unnati",https://shipmin.dashboard.nic.in/,Historical monthly congestion proxy calibrated to publicly reported Indian major-port pre-berthing waiting times and Sagar Unnati vessel-position/traffic information. Not a historical AIS-derived observation series.
2023-10-01,Paradip,1.87,62.82,46.0,8,PROXY,"India Ministry of Ports, Shipping and Waterways / Sagar Unnati",https://shipmin.dashboard.nic.in/,Historical monthly congestion proxy calibrated to publicly reported Indian major-port pre-berthing waiting times and Sagar Unnati vessel-position/traffic information. Not a historical AIS-derived observation series.
2023-11-01,Paradip,2.7,78.13,38.3,10,PROXY,"India Ministry of Ports, Shipping and Waterways / Sagar Unnati",https://shipmin.dashboard.nic.in/,Historical monthly congestion proxy calibrated to publicly reported Indian major-port pre-berthing waiting times and Sagar Unnati vessel-position/traffic information. Not a historical AIS-derived observation series.
2023-12-01,Paradip,2.58,76.97,41.95,13,PROXY,"India Ministry of Ports, Shipping and Waterways / Sagar Unnati",https://shipmin.dashboard.nic.in/,Historical monthly congestion proxy calibrated to publicly reported Indian major-port pre-berthing waiting times and Sagar Unnati vessel-position/traffic information. Not a historical AIS-derived observation series.
2024-01-01,Paradip,2.81,79.73,36.35,13,PROXY,"India Ministry of Ports, Shipping and Waterways / Sagar Unnati",https://shipmin.dashboard.nic.in/,Historical monthly congestion proxy calibrated to publicly reported Indian major-port pre-berthing waiting times and Sagar Unnati vessel-position/traffic information. Not a historical AIS-derived observation series.
2024-02-01,Paradip,3.09,88.31,41.45,10,PROXY,"India Ministry of Ports, Shipping and Waterways / Sagar Unnati",https://shipmin.dashboard.nic.in/,Historical monthly congestion proxy calibrated to publicly reported Indian major-port pre-berthing waiting times and Sagar Unnati vessel-position/traffic information. Not a historical AIS-derived observation series.
2024-03-01,Paradip,3.33,92.94,39.55,13,PROXY,"India Ministry of Ports, Shipping and Waterways / Sagar Unnati",https://shipmin.dashboard.nic.in/,Historical monthly congestion proxy calibrated to publicly reported Indian major-port pre-berthing waiting times and Sagar Unnati vessel-position/traffic information. Not a historical AIS-derived observation series.
2024-04-01,Paradip,3.42,94.98,39.63,8,PROXY,"India Ministry of Ports, Shipping and Waterways / Sagar Unnati",https://shipmin.dashboard.nic.in/,Historical monthly congestion proxy calibrated to publicly reported Indian major-port pre-berthing waiting times and Sagar Unnati vessel-position/traffic information. Not a historical AIS-derived observation series.
2024-05-01,Paradip,2.9,83.88,41.03,11,PROXY,"India Ministry of Ports, Shipping and Waterways / Sagar Unnati",https://shipmin.dashboard.nic.in/,Historical monthly congestion proxy calibrated to publicly reported Indian major-port pre-berthing waiting times and Sagar Unnati vessel-position/traffic information. Not a historical AIS-derived observation series.
2024-06-01,Paradip,2.76,80.15,39.8,9,PROXY,"India Ministry of Ports, Shipping and Waterways / Sagar Unnati",https://shipmin.dashboard.nic.in/,Historical monthly congestion proxy calibrated to publicly reported Indian major-port pre-berthing waiting times and Sagar Unnati vessel-position/traffic information. Not a historical AIS-derived observation series.
2024-07-01,Paradip,2.32,74.59,49.77,8,PROXY,"India Ministry of Ports, Shipping and Waterways / Sagar Unnati",https://shipmin.dashboard.nic.in/,Historical monthly congestion proxy calibrated to publicly reported Indian major-port pre-berthing waiting times and Sagar Unnati vessel-position/traffic information. Not a historical AIS-derived observation series.
2024-08-01,Paradip,2.65,78.39,41.55,9,PROXY,"India Ministry of Ports, Shipping and Waterways / Sagar Unnati",https://shipmin.dashboard.nic.in/,Historical monthly congestion proxy calibrated to publicly reported Indian major-port pre-berthing waiting times and Sagar Unnati vessel-position/traffic information. Not a historical AIS-derived observation series.
2024-09-01,Paradip,1.79,58.94,41.2,13,PROXY,"India Ministry of Ports, Shipping and Waterways / Sagar Unnati",https://shipmin.dashboard.nic.in/,Historical monthly congestion proxy calibrated to publicly reported Indian major-port pre-berthing waiting times and Sagar Unnati vessel-position/traffic information. Not a historical AIS-derived observation series.
2024-10-01,Paradip,2.72,80.43,42.32,13,PROXY,"India Ministry of Ports, Shipping and Waterways / Sagar Unnati",https://shipmin.dashboard.nic.in/,Historical monthly congestion proxy calibrated to publicly reported Indian major-port pre-berthing waiting times and Sagar Unnati vessel-position/traffic information. Not a historical AIS-derived observation series.
2024-11-01,Paradip,3.99,108.29,40.84,8,PROXY,"India Ministry of Ports, Shipping and Waterways / Sagar Unnati",https://shipmin.dashboard.nic.in/,Historical monthly congestion proxy calibrated to publicly reported Indian major-port pre-berthing waiting times and Sagar Unnati vessel-position/traffic information. Not a historical AIS-derived observation series.
2024-12-01,Paradip,2.72,79.9,41.41,9,PROXY,"India Ministry of Ports, Shipping and Waterways / Sagar Unnati",https://shipmin.dashboard.nic.in/,Historical monthly congestion proxy calibrated to publicly reported Indian major-port pre-berthing waiting times and Sagar Unnati vessel-position/traffic information. Not a historical AIS-derived observation series.
2025-01-01,Paradip,2.7,80.0,42.74,12,PROXY,"India Ministry of Ports, Shipping and Waterways / Sagar Unnati",https://shipmin.dashboard.nic.in/,Historical monthly congestion proxy calibrated to publicly reported Indian major-port pre-berthing waiting times and Sagar Unnati vessel-position/traffic information. Not a historical AIS-derived observation series.
2025-02-01,Paradip,3.51,99.23,44.85,12,PROXY,"India Ministry of Ports, Shipping and Waterways / Sagar Unnati",https://shipmin.dashboard.nic.in/,Historical monthly congestion proxy calibrated to publicly reported Indian major-port pre-berthing waiting times and Sagar Unnati vessel-position/traffic information. Not a historical AIS-derived observation series.
2025-03-01,Paradip,2.44,72.19,37.96,8,PROXY,"India Ministry of Ports, Shipping and Waterways / Sagar Unnati",https://shipmin.dashboard.nic.in/,Historical monthly congestion proxy calibrated to publicly reported Indian major-port pre-berthing waiting times and Sagar Unnati vessel-position/traffic information. Not a historical AIS-derived observation series.
2025-04-01,Paradip,3.03,85.07,37.35,8,PROXY,"India Ministry of Ports, Shipping and Waterways / Sagar Unnati",https://shipmin.dashboard.nic.in/,Historical monthly congestion proxy calibrated to publicly reported Indian major-port pre-berthing waiting times and Sagar Unnati vessel-position/traffic information. Not a historical AIS-derived observation series.
2025-05-01,Paradip,3.7,104.61,47.06,10,PROXY,"India Ministry of Ports, Shipping and Waterways / Sagar Unnati",https://shipmin.dashboard.nic.in/,Historical monthly congestion proxy calibrated to publicly reported Indian major-port pre-berthing waiting times and Sagar Unnati vessel-position/traffic information. Not a historical AIS-derived observation series.
2025-06-01,Paradip,5.36,141.58,46.11,12,PROXY,"India Ministry of Ports, Shipping and Waterways / Sagar Unnati",https://shipmin.dashboard.nic.in/,Historical monthly congestion proxy calibrated to publicly reported Indian major-port pre-berthing waiting times and Sagar Unnati vessel-position/traffic information. Not a historical AIS-derived observation series.
2025-07-01,Paradip,2.66,77.52,38.79,8,PROXY,"India Ministry of Ports, Shipping and Waterways / Sagar Unnati",https://shipmin.dashboard.nic.in/,Historical monthly congestion proxy calibrated to publicly reported Indian major-port pre-berthing waiting times and Sagar Unnati vessel-position/traffic information. Not a historical AIS-derived observation series.
2025-08-01,Paradip,2.05,62.59,36.62,10,PROXY,"India Ministry of Ports, Shipping and Waterways / Sagar Unnati",https://shipmin.dashboard.nic.in/,Historical monthly congestion proxy calibrated to publicly reported Indian major-port pre-berthing waiting times and Sagar Unnati vessel-position/traffic information. Not a historical AIS-derived observation series.
2025-09-01,Paradip,2.18,67.85,41.69,14,PROXY,"India Ministry of Ports, Shipping and Waterways / Sagar Unnati",https://shipmin.dashboard.nic.in/,Historical monthly congestion proxy calibrated to publicly reported Indian major-port pre-berthing waiting times and Sagar Unnati vessel-position/traffic information. Not a historical AIS-derived observation series.
2025-10-01,Paradip,2.4,73.26,42.82,9,PROXY,"India Ministry of Ports, Shipping and Waterways / Sagar Unnati",https://shipmin.dashboard.nic.in/,Historical monthly congestion proxy calibrated to publicly reported Indian major-port pre-berthing waiting times and Sagar Unnati vessel-position/traffic information. Not a historical AIS-derived observation series.
2025-11-01,Paradip,2.51,73.9,38.33,13,PROXY,"India Ministry of Ports, Shipping and Waterways / Sagar Unnati",https://shipmin.dashboard.nic.in/,Historical monthly congestion proxy calibrated to publicly reported Indian major-port pre-berthing waiting times and Sagar Unnati vessel-position/traffic information. Not a historical AIS-derived observation series.
2025-12-01,Paradip,3.01,85.14,38.58,11,PROXY,"India Ministry of Ports, Shipping and Waterways / Sagar Unnati",https://shipmin.dashboard.nic.in/,Historical monthly congestion proxy calibrated to publicly reported Indian major-port pre-berthing waiting times and Sagar Unnati vessel-position/traffic information. Not a historical AIS-derived observation series.
2026-01-01,Paradip,2.86,83.33,41.82,8,PROXY,"India Ministry of Ports, Shipping and Waterways / Sagar Unnati",https://shipmin.dashboard.nic.in/,Historical monthly congestion proxy calibrated to publicly reported Indian major-port pre-berthing waiting times and Sagar Unnati vessel-position/traffic information. Not a historical AIS-derived observation series.
2026-02-01,Paradip,3.3,91.38,37.92,10,PROXY,"India Ministry of Ports, Shipping and Waterways / Sagar Unnati",https://shipmin.dashboard.nic.in/,Historical monthly congestion proxy calibrated to publicly reported Indian major-port pre-berthing waiting times and Sagar Unnati vessel-position/traffic information. Not a historical AIS-derived observation series.
2026-03-01,Paradip,2.91,84.55,42.06,9,PROXY,"India Ministry of Ports, Shipping and Waterways / Sagar Unnati",https://shipmin.dashboard.nic.in/,Historical monthly congestion proxy calibrated to publicly reported Indian major-port pre-berthing waiting times and Sagar Unnati vessel-position/traffic information. Not a historical AIS-derived observation series.
2026-04-01,Paradip,3.55,98.53,41.05,8,PROXY,"India Ministry of Ports, Shipping and Waterways / Sagar Unnati",https://shipmin.dashboard.nic.in/,Historical monthly congestion proxy calibrated to publicly reported Indian major-port pre-berthing waiting times and Sagar Unnati vessel-position/traffic information. Not a historical AIS-derived observation series.
2026-05-01,Paradip,2.52,73.25,36.77,10,PROXY,"India Ministry of Ports, Shipping and Waterways / Sagar Unnati",https://shipmin.dashboard.nic.in/,Historical monthly congestion proxy calibrated to publicly reported Indian major-port pre-berthing waiting times and Sagar Unnati vessel-position/traffic information. Not a historical AIS-derived observation series.
2026-06-01,Paradip,2.06,64.03,38.88,12,PROXY,"India Ministry of Ports, Shipping and Waterways / Sagar Unnati",https://shipmin.dashboard.nic.in/,Historical monthly congestion proxy calibrated to publicly reported Indian major-port pre-berthing waiting times and Sagar Unnati vessel-position/traffic information. Not a historical AIS-derived observation series.
2026-07-01,Paradip,4.33,114.96,38.77,10,PROXY,"India Ministry of Ports, Shipping and Waterways / Sagar Unnati",https://shipmin.dashboard.nic.in/,Historical monthly congestion proxy calibrated to publicly reported Indian major-port pre-berthing waiting times and Sagar Unnati vessel-position/traffic information. Not a historical AIS-derived observation series.
2026-08-01,Paradip,2.39,71.18,38.37,10,PROXY,"India Ministry of Ports, Shipping and Waterways / Sagar Unnati",https://shipmin.dashboard.nic.in/,Historical monthly congestion proxy calibrated to publicly reported Indian major-port pre-berthing waiting times and Sagar Unnati vessel-position/traffic information. Not a historical AIS-derived observation series.
2021-01-01,Visakhapatnam,1.25,87.43,41.19,7,PROXY,"India Ministry of Ports, Shipping and Waterways / Sagar Unnati",https://shipmin.dashboard.nic.in/,Historical monthly congestion proxy calibrated to publicly reported Indian major-port pre-berthing waiting times and Sagar Unnati vessel-position/traffic information. Not a historical AIS-derived observation series.
2021-02-01,Visakhapatnam,1.08,77.36,39.51,8,PROXY,"India Ministry of Ports, Shipping and Waterways / Sagar Unnati",https://shipmin.dashboard.nic.in/,Historical monthly congestion proxy calibrated to publicly reported Indian major-port pre-berthing waiting times and Sagar Unnati vessel-position/traffic information. Not a historical AIS-derived observation series.
2021-03-01,Visakhapatnam,1.26,84.21,33.48,9,PROXY,"India Ministry of Ports, Shipping and Waterways / Sagar Unnati",https://shipmin.dashboard.nic.in/,Historical monthly congestion proxy calibrated to publicly reported Indian major-port pre-berthing waiting times and Sagar Unnati vessel-position/traffic information. Not a historical AIS-derived observation series.
2021-04-01,Visakhapatnam,1.02,74.54,40.62,10,PROXY,"India Ministry of Ports, Shipping and Waterways / Sagar Unnati",https://shipmin.dashboard.nic.in/,Historical monthly congestion proxy calibrated to publicly reported Indian major-port pre-berthing waiting times and Sagar Unnati vessel-position/traffic information. Not a historical AIS-derived observation series.
2021-05-01,Visakhapatnam,1.05,78.95,46.56,9,PROXY,"India Ministry of Ports, Shipping and Waterways / Sagar Unnati",https://shipmin.dashboard.nic.in/,Historical monthly congestion proxy calibrated to publicly reported Indian major-port pre-berthing waiting times and Sagar Unnati vessel-position/traffic information. Not a historical AIS-derived observation series.
2021-06-01,Visakhapatnam,1.16,82.22,40.99,7,PROXY,"India Ministry of Ports, Shipping and Waterways / Sagar Unnati",https://shipmin.dashboard.nic.in/,Historical monthly congestion proxy calibrated to publicly reported Indian major-port pre-berthing waiting times and Sagar Unnati vessel-position/traffic information. Not a historical AIS-derived observation series.
2021-07-01,Visakhapatnam,0.72,57.32,39.68,7,PROXY,"India Ministry of Ports, Shipping and Waterways / Sagar Unnati",https://shipmin.dashboard.nic.in/,Historical monthly congestion proxy calibrated to publicly reported Indian major-port pre-berthing waiting times and Sagar Unnati vessel-position/traffic information. Not a historical AIS-derived observation series.
2021-08-01,Visakhapatnam,1.11,78.14,37.65,7,PROXY,"India Ministry of Ports, Shipping and Waterways / Sagar Unnati",https://shipmin.dashboard.nic.in/,Historical monthly congestion proxy calibrated to publicly reported Indian major-port pre-berthing waiting times and Sagar Unnati vessel-position/traffic information. Not a historical AIS-derived observation series.
2021-09-01,Visakhapatnam,0.98,71.03,38.42,11,PROXY,"India Ministry of Ports, Shipping and Waterways / Sagar Unnati",https://shipmin.dashboard.nic.in/,Historical monthly congestion proxy calibrated to publicly reported Indian major-port pre-berthing waiting times and Sagar Unnati vessel-position/traffic information. Not a historical AIS-derived observation series.
2021-10-01,Visakhapatnam,0.83,67.71,49.25,12,PROXY,"India Ministry of Ports, Shipping and Waterways / Sagar Unnati",https://shipmin.dashboard.nic.in/,Historical monthly congestion proxy calibrated to publicly reported Indian major-port pre-berthing waiting times and Sagar Unnati vessel-position/traffic information. Not a historical AIS-derived observation series.
2021-11-01,Visakhapatnam,0.81,62.87,41.15,7,PROXY,"India Ministry of Ports, Shipping and Waterways / Sagar Unnati",https://shipmin.dashboard.nic.in/,Historical monthly congestion proxy calibrated to publicly reported Indian major-port pre-berthing waiting times and Sagar Unnati vessel-position/traffic information. Not a historical AIS-derived observation series.
2021-12-01,Visakhapatnam,0.92,70.17,43.28,11,PROXY,"India Ministry of Ports, Shipping and Waterways / Sagar Unnati",https://shipmin.dashboard.nic.in/,Historical monthly congestion proxy calibrated to publicly reported Indian major-port pre-berthing waiting times and Sagar Unnati vessel-position/traffic information. Not a historical AIS-derived observation series.
2022-01-01,Visakhapatnam,1.08,76.3,37.27,8,PROXY,"India Ministry of Ports, Shipping and Waterways / Sagar Unnati",https://shipmin.dashboard.nic.in/,Historical monthly congestion proxy calibrated to publicly reported Indian major-port pre-berthing waiting times and Sagar Unnati vessel-position/traffic information. Not a historical AIS-derived observation series.
2022-02-01,Visakhapatnam,1.1,80.43,44.86,9,PROXY,"India Ministry of Ports, Shipping and Waterways / Sagar Unnati",https://shipmin.dashboard.nic.in/,Historical monthly congestion proxy calibrated to publicly reported Indian major-port pre-berthing waiting times and Sagar Unnati vessel-position/traffic information. Not a historical AIS-derived observation series.
2022-03-01,Visakhapatnam,1.2,82.83,37.28,12,PROXY,"India Ministry of Ports, Shipping and Waterways / Sagar Unnati",https://shipmin.dashboard.nic.in/,Historical monthly congestion proxy calibrated to publicly reported Indian major-port pre-berthing waiting times and Sagar Unnati vessel-position/traffic information. Not a historical AIS-derived observation series.
2022-04-01,Visakhapatnam,1.43,100.41,48.26,11,PROXY,"India Ministry of Ports, Shipping and Waterways / Sagar Unnati",https://shipmin.dashboard.nic.in/,Historical monthly congestion proxy calibrated to publicly reported Indian major-port pre-berthing waiting times and Sagar Unnati vessel-position/traffic information. Not a historical AIS-derived observation series.
2022-05-01,Visakhapatnam,1.14,79.11,35.99,9,PROXY,"India Ministry of Ports, Shipping and Waterways / Sagar Unnati",https://shipmin.dashboard.nic.in/,Historical monthly congestion proxy calibrated to publicly reported Indian major-port pre-berthing waiting times and Sagar Unnati vessel-position/traffic information. Not a historical AIS-derived observation series.
2022-06-01,Visakhapatnam,1.77,114.54,37.99,11,PROXY,"India Ministry of Ports, Shipping and Waterways / Sagar Unnati",https://shipmin.dashboard.nic.in/,Historical monthly congestion proxy calibrated to publicly reported Indian major-port pre-berthing waiting times and Sagar Unnati vessel-position/traffic information. Not a historical AIS-derived observation series.
2022-07-01,Visakhapatnam,0.86,67.12,44.59,8,PROXY,"India Ministry of Ports, Shipping and Waterways / Sagar Unnati",https://shipmin.dashboard.nic.in/,Historical monthly congestion proxy calibrated to publicly reported Indian major-port pre-berthing waiting times and Sagar Unnati vessel-position/traffic information. Not a historical AIS-derived observation series.
2022-08-01,Visakhapatnam,0.98,73.58,43.18,9,PROXY,"India Ministry of Ports, Shipping and Waterways / Sagar Unnati",https://shipmin.dashboard.nic.in/,Historical monthly congestion proxy calibrated to publicly reported Indian major-port pre-berthing waiting times and Sagar Unnati vessel-position/traffic information. Not a historical AIS-derived observation series.
2022-09-01,Visakhapatnam,0.71,57.79,41.25,7,PROXY,"India Ministry of Ports, Shipping and Waterways / Sagar Unnati",https://shipmin.dashboard.nic.in/,Historical monthly congestion proxy calibrated to publicly reported Indian major-port pre-berthing waiting times and Sagar Unnati vessel-position/traffic information. Not a historical AIS-derived observation series.
2022-10-01,Visakhapatnam,1.12,77.48,35.26,10,PROXY,"India Ministry of Ports, Shipping and Waterways / Sagar Unnati",https://shipmin.dashboard.nic.in/,Historical monthly congestion proxy calibrated to publicly reported Indian major-port pre-berthing waiting times and Sagar Unnati vessel-position/traffic information. Not a historical AIS-derived observation series.
2022-11-01,Visakhapatnam,0.8,64.36,44.73,6,PROXY,"India Ministry of Ports, Shipping and Waterways / Sagar Unnati",https://shipmin.dashboard.nic.in/,Historical monthly congestion proxy calibrated to publicly reported Indian major-port pre-berthing waiting times and Sagar Unnati vessel-position/traffic information. Not a historical AIS-derived observation series.
2022-12-01,Visakhapatnam,1.06,76.5,40.87,7,PROXY,"India Ministry of Ports, Shipping and Waterways / Sagar Unnati",https://shipmin.dashboard.nic.in/,Historical monthly congestion proxy calibrated to publicly reported Indian major-port pre-berthing waiting times and Sagar Unnati vessel-position/traffic information. Not a historical AIS-derived observation series.
2023-01-01,Visakhapatnam,1.04,76.48,42.59,12,PROXY,"India Ministry of Ports, Shipping and Waterways / Sagar Unnati",https://shipmin.dashboard.nic.in/,Historical monthly congestion proxy calibrated to publicly reported Indian major-port pre-berthing waiting times and Sagar Unnati vessel-position/traffic information. Not a historical AIS-derived observation series.
2023-02-01,Visakhapatnam,1.85,120.58,41.99,9,PROXY,"India Ministry of Ports, Shipping and Waterways / Sagar Unnati",https://shipmin.dashboard.nic.in/,Historical monthly congestion proxy calibrated to publicly reported Indian major-port pre-berthing waiting times and Sagar Unnati vessel-position/traffic information. Not a historical AIS-derived observation series.
2023-03-01,Visakhapatnam,0.97,69.08,34.83,9,PROXY,"India Ministry of Ports, Shipping and Waterways / Sagar Unnati",https://shipmin.dashboard.nic.in/,Historical monthly congestion proxy calibrated to publicly reported Indian major-port pre-berthing waiting times and Sagar Unnati vessel-position/traffic information. Not a historical AIS-derived observation series.
2023-04-01,Visakhapatnam,1.16,78.55,33.3,9,PROXY,"India Ministry of Ports, Shipping and Waterways / Sagar Unnati",https://shipmin.dashboard.nic.in/,Historical monthly congestion proxy calibrated to publicly reported Indian major-port pre-berthing waiting times and Sagar Unnati vessel-position/traffic information. Not a historical AIS-derived observation series.
2023-05-01,Visakhapatnam,0.86,65.48,40.38,6,PROXY,"India Ministry of Ports, Shipping and Waterways / Sagar Unnati",https://shipmin.dashboard.nic.in/,Historical monthly congestion proxy calibrated to publicly reported Indian major-port pre-berthing waiting times and Sagar Unnati vessel-position/traffic information. Not a historical AIS-derived observation series.
2023-06-01,Visakhapatnam,0.78,61.0,39.62,7,PROXY,"India Ministry of Ports, Shipping and Waterways / Sagar Unnati",https://shipmin.dashboard.nic.in/,Historical monthly congestion proxy calibrated to publicly reported Indian major-port pre-berthing waiting times and Sagar Unnati vessel-position/traffic information. Not a historical AIS-derived observation series.
2023-07-01,Visakhapatnam,0.86,65.46,40.06,9,PROXY,"India Ministry of Ports, Shipping and Waterways / Sagar Unnati",https://shipmin.dashboard.nic.in/,Historical monthly congestion proxy calibrated to publicly reported Indian major-port pre-berthing waiting times and Sagar Unnati vessel-position/traffic information. Not a historical AIS-derived observation series.
2023-08-01,Visakhapatnam,0.63,52.69,40.23,12,PROXY,"India Ministry of Ports, Shipping and Waterways / Sagar Unnati",https://shipmin.dashboard.nic.in/,Historical monthly congestion proxy calibrated to publicly reported Indian major-port pre-berthing waiting times and Sagar Unnati vessel-position/traffic information. Not a historical AIS-derived observation series.
2023-09-01,Visakhapatnam,0.69,57.04,42.98,10,PROXY,"India Ministry of Ports, Shipping and Waterways / Sagar Unnati",https://shipmin.dashboard.nic.in/,Historical monthly congestion proxy calibrated to publicly reported Indian major-port pre-berthing waiting times and Sagar Unnati vessel-position/traffic information. Not a historical AIS-derived observation series.
2023-10-01,Visakhapatnam,0.95,70.46,40.4,11,PROXY,"India Ministry of Ports, Shipping and Waterways / Sagar Unnati",https://shipmin.dashboard.nic.in/,Historical monthly congestion proxy calibrated to publicly reported Indian major-port pre-berthing waiting times and Sagar Unnati vessel-position/traffic information. Not a historical AIS-derived observation series.
2023-11-01,Visakhapatnam,1.01,76.22,46.26,7,PROXY,"India Ministry of Ports, Shipping and Waterways / Sagar Unnati",https://shipmin.dashboard.nic.in/,Historical monthly congestion proxy calibrated to publicly reported Indian major-port pre-berthing waiting times and Sagar Unnati vessel-position/traffic information. Not a historical AIS-derived observation series.
2023-12-01,Visakhapatnam,0.88,66.85,41.42,11,PROXY,"India Ministry of Ports, Shipping and Waterways / Sagar Unnati",https://shipmin.dashboard.nic.in/,Historical monthly congestion proxy calibrated to publicly reported Indian major-port pre-berthing waiting times and Sagar Unnati vessel-position/traffic information. Not a historical AIS-derived observation series.
2024-01-01,Visakhapatnam,0.82,65.05,44.59,10,PROXY,"India Ministry of Ports, Shipping and Waterways / Sagar Unnati",https://shipmin.dashboard.nic.in/,Historical monthly congestion proxy calibrated to publicly reported Indian major-port pre-berthing waiting times and Sagar Unnati vessel-position/traffic information. Not a historical AIS-derived observation series.
2024-02-01,Visakhapatnam,1.47,97.86,37.9,6,PROXY,"India Ministry of Ports, Shipping and Waterways / Sagar Unnati",https://shipmin.dashboard.nic.in/,Historical monthly congestion proxy calibrated to publicly reported Indian major-port pre-berthing waiting times and Sagar Unnati vessel-position/traffic information. Not a historical AIS-derived observation series.
2024-03-01,Visakhapatnam,1.17,83.46,42.76,8,PROXY,"India Ministry of Ports, Shipping and Waterways / Sagar Unnati",https://shipmin.dashboard.nic.in/,Historical monthly congestion proxy calibrated to publicly reported Indian major-port pre-berthing waiting times and Sagar Unnati vessel-position/traffic information. Not a historical AIS-derived observation series.
2024-04-01,Visakhapatnam,2.78,150.0,42.9,8,PROXY,"India Ministry of Ports, Shipping and Waterways / Sagar Unnati",https://shipmin.dashboard.nic.in/,Historical monthly congestion proxy calibrated to publicly reported Indian major-port pre-berthing waiting times and Sagar Unnati vessel-position/traffic information. Not a historical AIS-derived observation series.
2024-05-01,Visakhapatnam,0.98,70.07,36.2,8,PROXY,"India Ministry of Ports, Shipping and Waterways / Sagar Unnati",https://shipmin.dashboard.nic.in/,Historical monthly congestion proxy calibrated to publicly reported Indian major-port pre-berthing waiting times and Sagar Unnati vessel-position/traffic information. Not a historical AIS-derived observation series.
2024-06-01,Visakhapatnam,0.79,62.52,42.22,10,PROXY,"India Ministry of Ports, Shipping and Waterways / Sagar Unnati",https://shipmin.dashboard.nic.in/,Historical monthly congestion proxy calibrated to publicly reported Indian major-port pre-berthing waiting times and Sagar Unnati vessel-position/traffic information. Not a historical AIS-derived observation series.
2024-07-01,Visakhapatnam,0.9,70.36,46.5,9,PROXY,"India Ministry of Ports, Shipping and Waterways / Sagar Unnati",https://shipmin.dashboard.nic.in/,Historical monthly congestion proxy calibrated to publicly reported Indian major-port pre-berthing waiting times and Sagar Unnati vessel-position/traffic information. Not a historical AIS-derived observation series.
2024-08-01,Visakhapatnam,1.41,97.56,44.81,10,PROXY,"India Ministry of Ports, Shipping and Waterways / Sagar Unnati",https://shipmin.dashboard.nic.in/,Historical monthly congestion proxy calibrated to publicly reported Indian major-port pre-berthing waiting times and Sagar Unnati vessel-position/traffic information. Not a historical AIS-derived observation series.
2024-09-01,Visakhapatnam,1.92,123.43,39.64,9,PROXY,"India Ministry of Ports, Shipping and Waterways / Sagar Unnati",https://shipmin.dashboard.nic.in/,Historical monthly congestion proxy calibrated to publicly reported Indian major-port pre-berthing waiting times and Sagar Unnati vessel-position/traffic information. Not a historical AIS-derived observation series.
2024-10-01,Visakhapatnam,1.62,111.52,49.51,9,PROXY,"India Ministry of Ports, Shipping and Waterways / Sagar Unnati",https://shipmin.dashboard.nic.in/,Historical monthly congestion proxy calibrated to publicly reported Indian major-port pre-berthing waiting times and Sagar Unnati vessel-position/traffic information. Not a historical AIS-derived observation series.
2024-11-01,Visakhapatnam,1.04,73.26,35.95,10,PROXY,"India Ministry of Ports, Shipping and Waterways / Sagar Unnati",https://shipmin.dashboard.nic.in/,Historical monthly congestion proxy calibrated to publicly reported Indian major-port pre-berthing waiting times and Sagar Unnati vessel-position/traffic information. Not a historical AIS-derived observation series.
2024-12-01,Visakhapatnam,0.74,60.89,44.28,7,PROXY,"India Ministry of Ports, Shipping and Waterways / Sagar Unnati",https://shipmin.dashboard.nic.in/,Historical monthly congestion proxy calibrated to publicly reported Indian major-port pre-berthing waiting times and Sagar Unnati vessel-position/traffic information. Not a historical AIS-derived observation series.
2025-01-01,Visakhapatnam,0.96,73.39,45.88,7,PROXY,"India Ministry of Ports, Shipping and Waterways / Sagar Unnati",https://shipmin.dashboard.nic.in/,Historical monthly congestion proxy calibrated to publicly reported Indian major-port pre-berthing waiting times and Sagar Unnati vessel-position/traffic information. Not a historical AIS-derived observation series.
2025-02-01,Visakhapatnam,1.37,89.12,30.59,5,PROXY,"India Ministry of Ports, Shipping and Waterways / Sagar Unnati",https://shipmin.dashboard.nic.in/,Historical monthly congestion proxy calibrated to publicly reported Indian major-port pre-berthing waiting times and Sagar Unnati vessel-position/traffic information. Not a historical AIS-derived observation series.
2025-03-01,Visakhapatnam,1.24,86.25,39.63,6,PROXY,"India Ministry of Ports, Shipping and Waterways / Sagar Unnati",https://shipmin.dashboard.nic.in/,Historical monthly congestion proxy calibrated to publicly reported Indian major-port pre-berthing waiting times and Sagar Unnati vessel-position/traffic information. Not a historical AIS-derived observation series.
2025-04-01,Visakhapatnam,0.97,73.37,45.03,12,PROXY,"India Ministry of Ports, Shipping and Waterways / Sagar Unnati",https://shipmin.dashboard.nic.in/,Historical monthly congestion proxy calibrated to publicly reported Indian major-port pre-berthing waiting times and Sagar Unnati vessel-position/traffic information. Not a historical AIS-derived observation series.
2025-05-01,Visakhapatnam,0.97,73.33,43.85,10,PROXY,"India Ministry of Ports, Shipping and Waterways / Sagar Unnati",https://shipmin.dashboard.nic.in/,Historical monthly congestion proxy calibrated to publicly reported Indian major-port pre-berthing waiting times and Sagar Unnati vessel-position/traffic information. Not a historical AIS-derived observation series.
2025-06-01,Visakhapatnam,1.02,70.9,32.69,12,PROXY,"India Ministry of Ports, Shipping and Waterways / Sagar Unnati",https://shipmin.dashboard.nic.in/,Historical monthly congestion proxy calibrated to publicly reported Indian major-port pre-berthing waiting times and Sagar Unnati vessel-position/traffic information. Not a historical AIS-derived observation series.
2025-07-01,Visakhapatnam,0.69,55.21,37.85,9,PROXY,"India Ministry of Ports, Shipping and Waterways / Sagar Unnati",https://shipmin.dashboard.nic.in/,Historical monthly congestion proxy calibrated to publicly reported Indian major-port pre-berthing waiting times and Sagar Unnati vessel-position/traffic information. Not a historical AIS-derived observation series.
2025-08-01,Visakhapatnam,0.67,52.48,34.6,5,PROXY,"India Ministry of Ports, Shipping and Waterways / Sagar Unnati",https://shipmin.dashboard.nic.in/,Historical monthly congestion proxy calibrated to publicly reported Indian major-port pre-berthing waiting times and Sagar Unnati vessel-position/traffic information. Not a historical AIS-derived observation series.
2025-09-01,Visakhapatnam,0.81,65.17,45.97,6,PROXY,"India Ministry of Ports, Shipping and Waterways / Sagar Unnati",https://shipmin.dashboard.nic.in/,Historical monthly congestion proxy calibrated to publicly reported Indian major-port pre-berthing waiting times and Sagar Unnati vessel-position/traffic information. Not a historical AIS-derived observation series.
2025-10-01,Visakhapatnam,0.7,56.68,40.1,6,PROXY,"India Ministry of Ports, Shipping and Waterways / Sagar Unnati",https://shipmin.dashboard.nic.in/,Historical monthly congestion proxy calibrated to publicly reported Indian major-port pre-berthing waiting times and Sagar Unnati vessel-position/traffic information. Not a historical AIS-derived observation series.
2025-11-01,Visakhapatnam,0.69,58.54,46.24,7,PROXY,"India Ministry of Ports, Shipping and Waterways / Sagar Unnati",https://shipmin.dashboard.nic.in/,Historical monthly congestion proxy calibrated to publicly reported Indian major-port pre-berthing waiting times and Sagar Unnati vessel-position/traffic information. Not a historical AIS-derived observation series.
2025-12-01,Visakhapatnam,1.08,77.99,41.59,12,PROXY,"India Ministry of Ports, Shipping and Waterways / Sagar Unnati",https://shipmin.dashboard.nic.in/,Historical monthly congestion proxy calibrated to publicly reported Indian major-port pre-berthing waiting times and Sagar Unnati vessel-position/traffic information. Not a historical AIS-derived observation series.
2026-01-01,Visakhapatnam,1.12,75.64,31.33,8,PROXY,"India Ministry of Ports, Shipping and Waterways / Sagar Unnati",https://shipmin.dashboard.nic.in/,Historical monthly congestion proxy calibrated to publicly reported Indian major-port pre-berthing waiting times and Sagar Unnati vessel-position/traffic information. Not a historical AIS-derived observation series.
2026-02-01,Visakhapatnam,0.99,73.66,42.56,9,PROXY,"India Ministry of Ports, Shipping and Waterways / Sagar Unnati",https://shipmin.dashboard.nic.in/,Historical monthly congestion proxy calibrated to publicly reported Indian major-port pre-berthing waiting times and Sagar Unnati vessel-position/traffic information. Not a historical AIS-derived observation series.
2026-03-01,Visakhapatnam,1.26,88.26,42.15,6,PROXY,"India Ministry of Ports, Shipping and Waterways / Sagar Unnati",https://shipmin.dashboard.nic.in/,Historical monthly congestion proxy calibrated to publicly reported Indian major-port pre-berthing waiting times and Sagar Unnati vessel-position/traffic information. Not a historical AIS-derived observation series.
2026-04-01,Visakhapatnam,1.46,96.8,36.43,7,PROXY,"India Ministry of Ports, Shipping and Waterways / Sagar Unnati",https://shipmin.dashboard.nic.in/,Historical monthly congestion proxy calibrated to publicly reported Indian major-port pre-berthing waiting times and Sagar Unnati vessel-position/traffic information. Not a historical AIS-derived observation series.
2026-05-01,Visakhapatnam,1.2,82.73,37.44,4,PROXY,"India Ministry of Ports, Shipping and Waterways / Sagar Unnati",https://shipmin.dashboard.nic.in/,Historical monthly congestion proxy calibrated to publicly reported Indian major-port pre-berthing waiting times and Sagar Unnati vessel-position/traffic information. Not a historical AIS-derived observation series.
2026-06-01,Visakhapatnam,1.34,89.68,35.59,7,PROXY,"India Ministry of Ports, Shipping and Waterways / Sagar Unnati",https://shipmin.dashboard.nic.in/,Historical monthly congestion proxy calibrated to publicly reported Indian major-port pre-berthing waiting times and Sagar Unnati vessel-position/traffic information. Not a historical AIS-derived observation series.
2026-07-01,Visakhapatnam,0.8,63.49,42.75,8,PROXY,"India Ministry of Ports, Shipping and Waterways / Sagar Unnati",https://shipmin.dashboard.nic.in/,Historical monthly congestion proxy calibrated to publicly reported Indian major-port pre-berthing waiting times and Sagar Unnati vessel-position/traffic information. Not a historical AIS-derived observation series.
2026-08-01,Visakhapatnam,0.89,68.08,42.73,9,PROXY,"India Ministry of Ports, Shipping and Waterways / Sagar Unnati",https://shipmin.dashboard.nic.in/,Historical monthly congestion proxy calibrated to publicly reported Indian major-port pre-berthing waiting times and Sagar Unnati vessel-position/traffic information. Not a historical AIS-derived observation series.
2021-01-01,Dhamra,3.51,68.31,44.53,12,PROXY,"India Ministry of Ports, Shipping and Waterways / Sagar Unnati",https://shipmin.dashboard.nic.in/,Historical monthly congestion proxy calibrated to publicly reported Indian major-port pre-berthing waiting times and Sagar Unnati vessel-position/traffic information. Not a historical AIS-derived observation series.
2021-02-01,Dhamra,4.59,85.04,48.69,10,PROXY,"India Ministry of Ports, Shipping and Waterways / Sagar Unnati",https://shipmin.dashboard.nic.in/,Historical monthly congestion proxy calibrated to publicly reported Indian major-port pre-berthing waiting times and Sagar Unnati vessel-position/traffic information. Not a historical AIS-derived observation series.
2021-03-01,Dhamra,5.7,96.38,39.92,16,PROXY,"India Ministry of Ports, Shipping and Waterways / Sagar Unnati",https://shipmin.dashboard.nic.in/,Historical monthly congestion proxy calibrated to publicly reported Indian major-port pre-berthing waiting times and Sagar Unnati vessel-position/traffic information. Not a historical AIS-derived observation series.
2021-04-01,Dhamra,5.34,95.4,48.97,12,PROXY,"India Ministry of Ports, Shipping and Waterways / Sagar Unnati",https://shipmin.dashboard.nic.in/,Historical monthly congestion proxy calibrated to publicly reported Indian major-port pre-berthing waiting times and Sagar Unnati vessel-position/traffic information. Not a historical AIS-derived observation series.
2021-05-01,Dhamra,3.94,70.29,35.9,13,PROXY,"India Ministry of Ports, Shipping and Waterways / Sagar Unnati",https://shipmin.dashboard.nic.in/,Historical monthly congestion proxy calibrated to publicly reported Indian major-port pre-berthing waiting times and Sagar Unnati vessel-position/traffic information. Not a historical AIS-derived observation series.
2021-06-01,Dhamra,4.41,81.38,46.23,11,PROXY,"India Ministry of Ports, Shipping and Waterways / Sagar Unnati",https://shipmin.dashboard.nic.in/,Historical monthly congestion proxy calibrated to publicly reported Indian major-port pre-berthing waiting times and Sagar Unnati vessel-position/traffic information. Not a historical AIS-derived observation series.
2021-07-01,Dhamra,2.98,59.23,40.49,10,PROXY,"India Ministry of Ports, Shipping and Waterways / Sagar Unnati",https://shipmin.dashboard.nic.in/,Historical monthly congestion proxy calibrated to publicly reported Indian major-port pre-berthing waiting times and Sagar Unnati vessel-position/traffic information. Not a historical AIS-derived observation series.
2021-08-01,Dhamra,3.21,63.71,43.58,9,PROXY,"India Ministry of Ports, Shipping and Waterways / Sagar Unnati",https://shipmin.dashboard.nic.in/,Historical monthly congestion proxy calibrated to publicly reported Indian major-port pre-berthing waiting times and Sagar Unnati vessel-position/traffic information. Not a historical AIS-derived observation series.
2021-09-01,Dhamra,2.72,58.5,46.73,11,PROXY,"India Ministry of Ports, Shipping and Waterways / Sagar Unnati",https://shipmin.dashboard.nic.in/,Historical monthly congestion proxy calibrated to publicly reported Indian major-port pre-berthing waiting times and Sagar Unnati vessel-position/traffic information. Not a historical AIS-derived observation series.
2021-10-01,Dhamra,2.99,60.3,42.69,12,PROXY,"India Ministry of Ports, Shipping and Waterways / Sagar Unnati",https://shipmin.dashboard.nic.in/,Historical monthly congestion proxy calibrated to publicly reported Indian major-port pre-berthing waiting times and Sagar Unnati vessel-position/traffic information. Not a historical AIS-derived observation series.
2021-11-01,Dhamra,4.12,80.14,52.05,10,PROXY,"India Ministry of Ports, Shipping and Waterways / Sagar Unnati",https://shipmin.dashboard.nic.in/,Historical monthly congestion proxy calibrated to publicly reported Indian major-port pre-berthing waiting times and Sagar Unnati vessel-position/traffic information. Not a historical AIS-derived observation series.
2021-12-01,Dhamra,4.2,79.71,48.9,12,PROXY,"India Ministry of Ports, Shipping and Waterways / Sagar Unnati",https://shipmin.dashboard.nic.in/,Historical monthly congestion proxy calibrated to publicly reported Indian major-port pre-berthing waiting times and Sagar Unnati vessel-position/traffic information. Not a historical AIS-derived observation series.
2022-01-01,Dhamra,4.93,86.44,41.45,12,PROXY,"India Ministry of Ports, Shipping and Waterways / Sagar Unnati",https://shipmin.dashboard.nic.in/,Historical monthly congestion proxy calibrated to publicly reported Indian major-port pre-berthing waiting times and Sagar Unnati vessel-position/traffic information. Not a historical AIS-derived observation series.
2022-02-01,Dhamra,4.88,86.14,42.44,9,PROXY,"India Ministry of Ports, Shipping and Waterways / Sagar Unnati",https://shipmin.dashboard.nic.in/,Historical monthly congestion proxy calibrated to publicly reported Indian major-port pre-berthing waiting times and Sagar Unnati vessel-position/traffic information. Not a historical AIS-derived observation series.
2022-03-01,Dhamra,3.85,70.92,39.91,7,PROXY,"India Ministry of Ports, Shipping and Waterways / Sagar Unnati",https://shipmin.dashboard.nic.in/,Historical monthly congestion proxy calibrated to publicly reported Indian major-port pre-berthing waiting times and Sagar Unnati vessel-position/traffic information. Not a historical AIS-derived observation series.
2022-04-01,Dhamra,5.36,94.27,45.77,14,PROXY,"India Ministry of Ports, Shipping and Waterways / Sagar Unnati",https://shipmin.dashboard.nic.in/,Historical monthly congestion proxy calibrated to publicly reported Indian major-port pre-berthing waiting times and Sagar Unnati vessel-position/traffic information. Not a historical AIS-derived observation series.
2022-05-01,Dhamra,5.04,90.96,48.05,10,PROXY,"India Ministry of Ports, Shipping and Waterways / Sagar Unnati",https://shipmin.dashboard.nic.in/,Historical monthly congestion proxy calibrated to publicly reported Indian major-port pre-berthing waiting times and Sagar Unnati vessel-position/traffic information. Not a historical AIS-derived observation series.
2022-06-01,Dhamra,3.76,75.42,52.69,11,PROXY,"India Ministry of Ports, Shipping and Waterways / Sagar Unnati",https://shipmin.dashboard.nic.in/,Historical monthly congestion proxy calibrated to publicly reported Indian major-port pre-berthing waiting times and Sagar Unnati vessel-position/traffic information. Not a historical AIS-derived observation series.
2022-07-01,Dhamra,5.55,93.59,38.46,11,PROXY,"India Ministry of Ports, Shipping and Waterways / Sagar Unnati",https://shipmin.dashboard.nic.in/,Historical monthly congestion proxy calibrated to publicly reported Indian major-port pre-berthing waiting times and Sagar Unnati vessel-position/traffic information. Not a historical AIS-derived observation series.
2022-08-01,Dhamra,3.41,66.34,43.26,8,PROXY,"India Ministry of Ports, Shipping and Waterways / Sagar Unnati",https://shipmin.dashboard.nic.in/,Historical monthly congestion proxy calibrated to publicly reported Indian major-port pre-berthing waiting times and Sagar Unnati vessel-position/traffic information. Not a historical AIS-derived observation series.
2022-09-01,Dhamra,2.07,48.69,44.82,7,PROXY,"India Ministry of Ports, Shipping and Waterways / Sagar Unnati",https://shipmin.dashboard.nic.in/,Historical monthly congestion proxy calibrated to publicly reported Indian major-port pre-berthing waiting times and Sagar Unnati vessel-position/traffic information. Not a historical AIS-derived observation series.
2022-10-01,Dhamra,3.31,67.16,48.04,9,PROXY,"India Ministry of Ports, Shipping and Waterways / Sagar Unnati",https://shipmin.dashboard.nic.in/,Historical monthly congestion proxy calibrated to publicly reported Indian major-port pre-berthing waiting times and Sagar Unnati vessel-position/traffic information. Not a historical AIS-derived observation series.
2022-11-01,Dhamra,3.92,77.19,51.72,7,PROXY,"India Ministry of Ports, Shipping and Waterways / Sagar Unnati",https://shipmin.dashboard.nic.in/,Historical monthly congestion proxy calibrated to publicly reported Indian major-port pre-berthing waiting times and Sagar Unnati vessel-position/traffic information. Not a historical AIS-derived observation series.
2022-12-01,Dhamra,4.18,78.29,46.14,5,PROXY,"India Ministry of Ports, Shipping and Waterways / Sagar Unnati",https://shipmin.dashboard.nic.in/,Historical monthly congestion proxy calibrated to publicly reported Indian major-port pre-berthing waiting times and Sagar Unnati vessel-position/traffic information. Not a historical AIS-derived observation series.
2023-01-01,Dhamra,4.04,74.89,43.12,11,PROXY,"India Ministry of Ports, Shipping and Waterways / Sagar Unnati",https://shipmin.dashboard.nic.in/,Historical monthly congestion proxy calibrated to publicly reported Indian major-port pre-berthing waiting times and Sagar Unnati vessel-position/traffic information. Not a historical AIS-derived observation series.
2023-02-01,Dhamra,4.76,81.65,36.09,12,PROXY,"India Ministry of Ports, Shipping and Waterways / Sagar Unnati",https://shipmin.dashboard.nic.in/,Historical monthly congestion proxy calibrated to publicly reported Indian major-port pre-berthing waiting times and Sagar Unnati vessel-position/traffic information. Not a historical AIS-derived observation series.
2023-03-01,Dhamra,3.81,71.74,42.89,11,PROXY,"India Ministry of Ports, Shipping and Waterways / Sagar Unnati",https://shipmin.dashboard.nic.in/,Historical monthly congestion proxy calibrated to publicly reported Indian major-port pre-berthing waiting times and Sagar Unnati vessel-position/traffic information. Not a historical AIS-derived observation series.
2023-04-01,Dhamra,5.62,97.22,44.17,12,PROXY,"India Ministry of Ports, Shipping and Waterways / Sagar Unnati",https://shipmin.dashboard.nic.in/,Historical monthly congestion proxy calibrated to publicly reported Indian major-port pre-berthing waiting times and Sagar Unnati vessel-position/traffic information. Not a historical AIS-derived observation series.
2023-05-01,Dhamra,4.68,87.87,52.28,12,PROXY,"India Ministry of Ports, Shipping and Waterways / Sagar Unnati",https://shipmin.dashboard.nic.in/,Historical monthly congestion proxy calibrated to publicly reported Indian major-port pre-berthing waiting times and Sagar Unnati vessel-position/traffic information. Not a historical AIS-derived observation series.
2023-06-01,Dhamra,3.34,67.57,48.15,10,PROXY,"India Ministry of Ports, Shipping and Waterways / Sagar Unnati",https://shipmin.dashboard.nic.in/,Historical monthly congestion proxy calibrated to publicly reported Indian major-port pre-berthing waiting times and Sagar Unnati vessel-position/traffic information. Not a historical AIS-derived observation series.
2023-07-01,Dhamra,6.93,118.03,50.61,12,PROXY,"India Ministry of Ports, Shipping and Waterways / Sagar Unnati",https://shipmin.dashboard.nic.in/,Historical monthly congestion proxy calibrated to publicly reported Indian major-port pre-berthing waiting times and Sagar Unnati vessel-position/traffic information. Not a historical AIS-derived observation series.
2023-08-01,Dhamra,3.19,61.05,38.24,10,PROXY,"India Ministry of Ports, Shipping and Waterways / Sagar Unnati",https://shipmin.dashboard.nic.in/,Historical monthly congestion proxy calibrated to publicly reported Indian major-port pre-berthing waiting times and Sagar Unnati vessel-position/traffic information. Not a historical AIS-derived observation series.
2023-09-01,Dhamra,5.53,94.19,40.45,9,PROXY,"India Ministry of Ports, Shipping and Waterways / Sagar Unnati",https://shipmin.dashboard.nic.in/,Historical monthly congestion proxy calibrated to publicly reported Indian major-port pre-berthing waiting times and Sagar Unnati vessel-position/traffic information. Not a historical AIS-derived observation series.
2023-10-01,Dhamra,3.46,67.33,44.05,10,PROXY,"India Ministry of Ports, Shipping and Waterways / Sagar Unnati",https://shipmin.dashboard.nic.in/,Historical monthly congestion proxy calibrated to publicly reported Indian major-port pre-berthing waiting times and Sagar Unnati vessel-position/traffic information. Not a historical AIS-derived observation series.
2023-11-01,Dhamra,3.27,58.67,30.48,12,PROXY,"India Ministry of Ports, Shipping and Waterways / Sagar Unnati",https://shipmin.dashboard.nic.in/,Historical monthly congestion proxy calibrated to publicly reported Indian major-port pre-berthing waiting times and Sagar Unnati vessel-position/traffic information. Not a historical AIS-derived observation series.
2023-12-01,Dhamra,4.7,81.53,37.5,8,PROXY,"India Ministry of Ports, Shipping and Waterways / Sagar Unnati",https://shipmin.dashboard.nic.in/,Historical monthly congestion proxy calibrated to publicly reported Indian major-port pre-berthing waiting times and Sagar Unnati vessel-position/traffic information. Not a historical AIS-derived observation series.
2024-01-01,Dhamra,5.6,98.04,46.81,10,PROXY,"India Ministry of Ports, Shipping and Waterways / Sagar Unnati",https://shipmin.dashboard.nic.in/,Historical monthly congestion proxy calibrated to publicly reported Indian major-port pre-berthing waiting times and Sagar Unnati vessel-position/traffic information. Not a historical AIS-derived observation series.
2024-02-01,Dhamra,3.65,69.72,43.29,11,PROXY,"India Ministry of Ports, Shipping and Waterways / Sagar Unnati",https://shipmin.dashboard.nic.in/,Historical monthly congestion proxy calibrated to publicly reported Indian major-port pre-berthing waiting times and Sagar Unnati vessel-position/traffic information. Not a historical AIS-derived observation series.
2024-03-01,Dhamra,5.19,93.72,49.58,10,PROXY,"India Ministry of Ports, Shipping and Waterways / Sagar Unnati",https://shipmin.dashboard.nic.in/,Historical monthly congestion proxy calibrated to publicly reported Indian major-port pre-berthing waiting times and Sagar Unnati vessel-position/traffic information. Not a historical AIS-derived observation series.
2024-04-01,Dhamra,4.48,81.68,44.54,12,PROXY,"India Ministry of Ports, Shipping and Waterways / Sagar Unnati",https://shipmin.dashboard.nic.in/,Historical monthly congestion proxy calibrated to publicly reported Indian major-port pre-berthing waiting times and Sagar Unnati vessel-position/traffic information. Not a historical AIS-derived observation series.
2024-05-01,Dhamra,3.36,63.56,38.52,12,PROXY,"India Ministry of Ports, Shipping and Waterways / Sagar Unnati",https://shipmin.dashboard.nic.in/,Historical monthly congestion proxy calibrated to publicly reported Indian major-port pre-berthing waiting times and Sagar Unnati vessel-position/traffic information. Not a historical AIS-derived observation series.
2024-06-01,Dhamra,3.39,67.17,45.7,7,PROXY,"India Ministry of Ports, Shipping and Waterways / Sagar Unnati",https://shipmin.dashboard.nic.in/,Historical monthly congestion proxy calibrated to publicly reported Indian major-port pre-berthing waiting times and Sagar Unnati vessel-position/traffic information. Not a historical AIS-derived observation series.
2024-07-01,Dhamra,4.57,81.35,41.13,11,PROXY,"India Ministry of Ports, Shipping and Waterways / Sagar Unnati",https://shipmin.dashboard.nic.in/,Historical monthly congestion proxy calibrated to publicly reported Indian major-port pre-berthing waiting times and Sagar Unnati vessel-position/traffic information. Not a historical AIS-derived observation series.
2024-08-01,Dhamra,3.48,70.15,49.7,11,PROXY,"India Ministry of Ports, Shipping and Waterways / Sagar Unnati",https://shipmin.dashboard.nic.in/,Historical monthly congestion proxy calibrated to publicly reported Indian major-port pre-berthing waiting times and Sagar Unnati vessel-position/traffic information. Not a historical AIS-derived observation series.
2024-09-01,Dhamra,2.42,53.01,43.89,12,PROXY,"India Ministry of Ports, Shipping and Waterways / Sagar Unnati",https://shipmin.dashboard.nic.in/,Historical monthly congestion proxy calibrated to publicly reported Indian major-port pre-berthing waiting times and Sagar Unnati vessel-position/traffic information. Not a historical AIS-derived observation series.
2024-10-01,Dhamra,3.31,65.7,44.84,10,PROXY,"India Ministry of Ports, Shipping and Waterways / Sagar Unnati",https://shipmin.dashboard.nic.in/,Historical monthly congestion proxy calibrated to publicly reported Indian major-port pre-berthing waiting times and Sagar Unnati vessel-position/traffic information. Not a historical AIS-derived observation series.
2024-11-01,Dhamra,4.35,79.83,44.46,8,PROXY,"India Ministry of Ports, Shipping and Waterways / Sagar Unnati",https://shipmin.dashboard.nic.in/,Historical monthly congestion proxy calibrated to publicly reported Indian major-port pre-berthing waiting times and Sagar Unnati vessel-position/traffic information. Not a historical AIS-derived observation series.
2024-12-01,Dhamra,3.91,75.81,48.87,12,PROXY,"India Ministry of Ports, Shipping and Waterways / Sagar Unnati",https://shipmin.dashboard.nic.in/,Historical monthly congestion proxy calibrated to publicly reported Indian major-port pre-berthing waiting times and Sagar Unnati vessel-position/traffic information. Not a historical AIS-derived observation series.
2025-01-01,Dhamra,3.81,72.77,45.26,7,PROXY,"India Ministry of Ports, Shipping and Waterways / Sagar Unnati",https://shipmin.dashboard.nic.in/,Historical monthly congestion proxy calibrated to publicly reported Indian major-port pre-berthing waiting times and Sagar Unnati vessel-position/traffic information. Not a historical AIS-derived observation series.
2025-02-01,Dhamra,3.68,71.03,45.55,10,PROXY,"India Ministry of Ports, Shipping and Waterways / Sagar Unnati",https://shipmin.dashboard.nic.in/,Historical monthly congestion proxy calibrated to publicly reported Indian major-port pre-berthing waiting times and Sagar Unnati vessel-position/traffic information. Not a historical AIS-derived observation series.
2025-03-01,Dhamra,5.18,91.52,45.12,16,PROXY,"India Ministry of Ports, Shipping and Waterways / Sagar Unnati",https://shipmin.dashboard.nic.in/,Historical monthly congestion proxy calibrated to publicly reported Indian major-port pre-berthing waiting times and Sagar Unnati vessel-position/traffic information. Not a historical AIS-derived observation series.
2025-04-01,Dhamra,5.61,96.11,42.27,13,PROXY,"India Ministry of Ports, Shipping and Waterways / Sagar Unnati",https://shipmin.dashboard.nic.in/,Historical monthly congestion proxy calibrated to publicly reported Indian major-port pre-berthing waiting times and Sagar Unnati vessel-position/traffic information. Not a historical AIS-derived observation series.
2025-05-01,Dhamra,4.42,79.83,42.43,7,PROXY,"India Ministry of Ports, Shipping and Waterways / Sagar Unnati",https://shipmin.dashboard.nic.in/,Historical monthly congestion proxy calibrated to publicly reported Indian major-port pre-berthing waiting times and Sagar Unnati vessel-position/traffic information. Not a historical AIS-derived observation series.
2025-06-01,Dhamra,4.81,84.54,40.85,9,PROXY,"India Ministry of Ports, Shipping and Waterways / Sagar Unnati",https://shipmin.dashboard.nic.in/,Historical monthly congestion proxy calibrated to publicly reported Indian major-port pre-berthing waiting times and Sagar Unnati vessel-position/traffic information. Not a historical AIS-derived observation series.
2025-07-01,Dhamra,3.11,63.68,46.38,9,PROXY,"India Ministry of Ports, Shipping and Waterways / Sagar Unnati",https://shipmin.dashboard.nic.in/,Historical monthly congestion proxy calibrated to publicly reported Indian major-port pre-berthing waiting times and Sagar Unnati vessel-position/traffic information. Not a historical AIS-derived observation series.
2025-08-01,Dhamra,5.76,102.71,52.13,12,PROXY,"India Ministry of Ports, Shipping and Waterways / Sagar Unnati",https://shipmin.dashboard.nic.in/,Historical monthly congestion proxy calibrated to publicly reported Indian major-port pre-berthing waiting times and Sagar Unnati vessel-position/traffic information. Not a historical AIS-derived observation series.
2025-09-01,Dhamra,3.82,70.15,39.23,11,PROXY,"India Ministry of Ports, Shipping and Waterways / Sagar Unnati",https://shipmin.dashboard.nic.in/,Historical monthly congestion proxy calibrated to publicly reported Indian major-port pre-berthing waiting times and Sagar Unnati vessel-position/traffic information. Not a historical AIS-derived observation series.
2025-10-01,Dhamra,3.15,63.59,45.02,9,PROXY,"India Ministry of Ports, Shipping and Waterways / Sagar Unnati",https://shipmin.dashboard.nic.in/,Historical monthly congestion proxy calibrated to publicly reported Indian major-port pre-berthing waiting times and Sagar Unnati vessel-position/traffic information. Not a historical AIS-derived observation series.
2025-11-01,Dhamra,4.71,85.7,46.48,12,PROXY,"India Ministry of Ports, Shipping and Waterways / Sagar Unnati",https://shipmin.dashboard.nic.in/,Historical monthly congestion proxy calibrated to publicly reported Indian major-port pre-berthing waiting times and Sagar Unnati vessel-position/traffic information. Not a historical AIS-derived observation series.
2025-12-01,Dhamra,4.11,77.19,46.07,13,PROXY,"India Ministry of Ports, Shipping and Waterways / Sagar Unnati",https://shipmin.dashboard.nic.in/,Historical monthly congestion proxy calibrated to publicly reported Indian major-port pre-berthing waiting times and Sagar Unnati vessel-position/traffic information. Not a historical AIS-derived observation series.
2026-01-01,Dhamra,5.17,94.19,51.18,12,PROXY,"India Ministry of Ports, Shipping and Waterways / Sagar Unnati",https://shipmin.dashboard.nic.in/,Historical monthly congestion proxy calibrated to publicly reported Indian major-port pre-berthing waiting times and Sagar Unnati vessel-position/traffic information. Not a historical AIS-derived observation series.
2026-02-01,Dhamra,4.45,78.26,38.02,12,PROXY,"India Ministry of Ports, Shipping and Waterways / Sagar Unnati",https://shipmin.dashboard.nic.in/,Historical monthly congestion proxy calibrated to publicly reported Indian major-port pre-berthing waiting times and Sagar Unnati vessel-position/traffic information. Not a historical AIS-derived observation series.
2026-03-01,Dhamra,5.44,93.9,42.49,15,PROXY,"India Ministry of Ports, Shipping and Waterways / Sagar Unnati",https://shipmin.dashboard.nic.in/,Historical monthly congestion proxy calibrated to publicly reported Indian major-port pre-berthing waiting times and Sagar Unnati vessel-position/traffic information. Not a historical AIS-derived observation series.
2026-04-01,Dhamra,3.88,69.3,35.49,10,PROXY,"India Ministry of Ports, Shipping and Waterways / Sagar Unnati",https://shipmin.dashboard.nic.in/,Historical monthly congestion proxy calibrated to publicly reported Indian major-port pre-berthing waiting times and Sagar Unnati vessel-position/traffic information. Not a historical AIS-derived observation series.
2026-05-01,Dhamra,4.99,89.5,46.51,10,PROXY,"India Ministry of Ports, Shipping and Waterways / Sagar Unnati",https://shipmin.dashboard.nic.in/,Historical monthly congestion proxy calibrated to publicly reported Indian major-port pre-berthing waiting times and Sagar Unnati vessel-position/traffic information. Not a historical AIS-derived observation series.
2026-06-01,Dhamra,4.87,85.93,42.1,9,PROXY,"India Ministry of Ports, Shipping and Waterways / Sagar Unnati",https://shipmin.dashboard.nic.in/,Historical monthly congestion proxy calibrated to publicly reported Indian major-port pre-berthing waiting times and Sagar Unnati vessel-position/traffic information. Not a historical AIS-derived observation series.
2026-07-01,Dhamra,3.92,70.04,36.02,13,PROXY,"India Ministry of Ports, Shipping and Waterways / Sagar Unnati",https://shipmin.dashboard.nic.in/,Historical monthly congestion proxy calibrated to publicly reported Indian major-port pre-berthing waiting times and Sagar Unnati vessel-position/traffic information. Not a historical AIS-derived observation series.
2026-08-01,Dhamra,3.2,64.18,44.82,13,PROXY,"India Ministry of Ports, Shipping and Waterways / Sagar Unnati",https://shipmin.dashboard.nic.in/,Historical monthly congestion proxy calibrated to publicly reported Indian major-port pre-berthing waiting times and Sagar Unnati vessel-position/traffic information. Not a historical AIS-derived observation series.
2021-01-01,Gangavaram,3.37,81.38,43.57,12,PROXY,"India Ministry of Ports, Shipping and Waterways / Sagar Unnati",https://shipmin.dashboard.nic.in/,Historical monthly congestion proxy calibrated to publicly reported Indian major-port pre-berthing waiting times and Sagar Unnati vessel-position/traffic information. Not a historical AIS-derived observation series.
2021-02-01,Gangavaram,4.0,92.73,43.19,8,PROXY,"India Ministry of Ports, Shipping and Waterways / Sagar Unnati",https://shipmin.dashboard.nic.in/,Historical monthly congestion proxy calibrated to publicly reported Indian major-port pre-berthing waiting times and Sagar Unnati vessel-position/traffic information. Not a historical AIS-derived observation series.
2021-03-01,Gangavaram,3.45,83.07,44.2,9,PROXY,"India Ministry of Ports, Shipping and Waterways / Sagar Unnati",https://shipmin.dashboard.nic.in/,Historical monthly congestion proxy calibrated to publicly reported Indian major-port pre-berthing waiting times and Sagar Unnati vessel-position/traffic information. Not a historical AIS-derived observation series.
2021-04-01,Gangavaram,3.09,75.96,42.81,5,PROXY,"India Ministry of Ports, Shipping and Waterways / Sagar Unnati",https://shipmin.dashboard.nic.in/,Historical monthly congestion proxy calibrated to publicly reported Indian major-port pre-berthing waiting times and Sagar Unnati vessel-position/traffic information. Not a historical AIS-derived observation series.
2021-05-01,Gangavaram,2.69,67.33,40.15,12,PROXY,"India Ministry of Ports, Shipping and Waterways / Sagar Unnati",https://shipmin.dashboard.nic.in/,Historical monthly congestion proxy calibrated to publicly reported Indian major-port pre-berthing waiting times and Sagar Unnati vessel-position/traffic information. Not a historical AIS-derived observation series.
2021-06-01,Gangavaram,3.3,80.49,44.53,9,PROXY,"India Ministry of Ports, Shipping and Waterways / Sagar Unnati",https://shipmin.dashboard.nic.in/,Historical monthly congestion proxy calibrated to publicly reported Indian major-port pre-berthing waiting times and Sagar Unnati vessel-position/traffic information. Not a historical AIS-derived observation series.
2021-07-01,Gangavaram,2.97,72.54,40.27,9,PROXY,"India Ministry of Ports, Shipping and Waterways / Sagar Unnati",https://shipmin.dashboard.nic.in/,Historical monthly congestion proxy calibrated to publicly reported Indian major-port pre-berthing waiting times and Sagar Unnati vessel-position/traffic information. Not a historical AIS-derived observation series.
2021-08-01,Gangavaram,2.47,66.43,47.08,9,PROXY,"India Ministry of Ports, Shipping and Waterways / Sagar Unnati",https://shipmin.dashboard.nic.in/,Historical monthly congestion proxy calibrated to publicly reported Indian major-port pre-berthing waiting times and Sagar Unnati vessel-position/traffic information. Not a historical AIS-derived observation series.
2021-09-01,Gangavaram,3.23,80.35,46.97,11,PROXY,"India Ministry of Ports, Shipping and Waterways / Sagar Unnati",https://shipmin.dashboard.nic.in/,Historical monthly congestion proxy calibrated to publicly reported Indian major-port pre-berthing waiting times and Sagar Unnati vessel-position/traffic information. Not a historical AIS-derived observation series.
2021-10-01,Gangavaram,2.39,61.24,38.56,10,PROXY,"India Ministry of Ports, Shipping and Waterways / Sagar Unnati",https://shipmin.dashboard.nic.in/,Historical monthly congestion proxy calibrated to publicly reported Indian major-port pre-berthing waiting times and Sagar Unnati vessel-position/traffic information. Not a historical AIS-derived observation series.
2021-11-01,Gangavaram,2.88,70.82,40.08,9,PROXY,"India Ministry of Ports, Shipping and Waterways / Sagar Unnati",https://shipmin.dashboard.nic.in/,Historical monthly congestion proxy calibrated to publicly reported Indian major-port pre-berthing waiting times and Sagar Unnati vessel-position/traffic information. Not a historical AIS-derived observation series.
2021-12-01,Gangavaram,5.35,118.05,44.28,15,PROXY,"India Ministry of Ports, Shipping and Waterways / Sagar Unnati",https://shipmin.dashboard.nic.in/,Historical monthly congestion proxy calibrated to publicly reported Indian major-port pre-berthing waiting times and Sagar Unnati vessel-position/traffic information. Not a historical AIS-derived observation series.
2022-01-01,Gangavaram,2.64,68.99,45.74,13,PROXY,"India Ministry of Ports, Shipping and Waterways / Sagar Unnati",https://shipmin.dashboard.nic.in/,Historical monthly congestion proxy calibrated to publicly reported Indian major-port pre-berthing waiting times and Sagar Unnati vessel-position/traffic information. Not a historical AIS-derived observation series.
2022-02-01,Gangavaram,3.17,76.91,41.68,13,PROXY,"India Ministry of Ports, Shipping and Waterways / Sagar Unnati",https://shipmin.dashboard.nic.in/,Historical monthly congestion proxy calibrated to publicly reported Indian major-port pre-berthing waiting times and Sagar Unnati vessel-position/traffic information. Not a historical AIS-derived observation series.
2022-03-01,Gangavaram,3.65,82.12,33.63,6,PROXY,"India Ministry of Ports, Shipping and Waterways / Sagar Unnati",https://shipmin.dashboard.nic.in/,Historical monthly congestion proxy calibrated to publicly reported Indian major-port pre-berthing waiting times and Sagar Unnati vessel-position/traffic information. Not a historical AIS-derived observation series.
2022-04-01,Gangavaram,6.54,139.44,43.35,16,PROXY,"India Ministry of Ports, Shipping and Waterways / Sagar Unnati",https://shipmin.dashboard.nic.in/,Historical monthly congestion proxy calibrated to publicly reported Indian major-port pre-berthing waiting times and Sagar Unnati vessel-position/traffic information. Not a historical AIS-derived observation series.
2022-05-01,Gangavaram,3.39,81.85,43.79,14,PROXY,"India Ministry of Ports, Shipping and Waterways / Sagar Unnati",https://shipmin.dashboard.nic.in/,Historical monthly congestion proxy calibrated to publicly reported Indian major-port pre-berthing waiting times and Sagar Unnati vessel-position/traffic information. Not a historical AIS-derived observation series.
2022-06-01,Gangavaram,4.48,99.12,37.75,8,PROXY,"India Ministry of Ports, Shipping and Waterways / Sagar Unnati",https://shipmin.dashboard.nic.in/,Historical monthly congestion proxy calibrated to publicly reported Indian major-port pre-berthing waiting times and Sagar Unnati vessel-position/traffic information. Not a historical AIS-derived observation series.
2022-07-01,Gangavaram,2.85,72.02,44.05,11,PROXY,"India Ministry of Ports, Shipping and Waterways / Sagar Unnati",https://shipmin.dashboard.nic.in/,Historical monthly congestion proxy calibrated to publicly reported Indian major-port pre-berthing waiting times and Sagar Unnati vessel-position/traffic information. Not a historical AIS-derived observation series.
2022-08-01,Gangavaram,2.64,66.69,40.77,8,PROXY,"India Ministry of Ports, Shipping and Waterways / Sagar Unnati",https://shipmin.dashboard.nic.in/,Historical monthly congestion proxy calibrated to publicly reported Indian major-port pre-berthing waiting times and Sagar Unnati vessel-position/traffic information. Not a historical AIS-derived observation series.
2022-09-01,Gangavaram,2.05,57.35,44.0,9,PROXY,"India Ministry of Ports, Shipping and Waterways / Sagar Unnati",https://shipmin.dashboard.nic.in/,Historical monthly congestion proxy calibrated to publicly reported Indian major-port pre-berthing waiting times and Sagar Unnati vessel-position/traffic information. Not a historical AIS-derived observation series.
2022-10-01,Gangavaram,2.53,67.56,47.15,12,PROXY,"India Ministry of Ports, Shipping and Waterways / Sagar Unnati",https://shipmin.dashboard.nic.in/,Historical monthly congestion proxy calibrated to publicly reported Indian major-port pre-berthing waiting times and Sagar Unnati vessel-position/traffic information. Not a historical AIS-derived observation series.
2022-11-01,Gangavaram,2.24,61.9,46.49,11,PROXY,"India Ministry of Ports, Shipping and Waterways / Sagar Unnati",https://shipmin.dashboard.nic.in/,Historical monthly congestion proxy calibrated to publicly reported Indian major-port pre-berthing waiting times and Sagar Unnati vessel-position/traffic information. Not a historical AIS-derived observation series.
2022-12-01,Gangavaram,2.91,73.74,45.51,10,PROXY,"India Ministry of Ports, Shipping and Waterways / Sagar Unnati",https://shipmin.dashboard.nic.in/,Historical monthly congestion proxy calibrated to publicly reported Indian major-port pre-berthing waiting times and Sagar Unnati vessel-position/traffic information. Not a historical AIS-derived observation series.
2023-01-01,Gangavaram,2.99,74.52,43.72,7,PROXY,"India Ministry of Ports, Shipping and Waterways / Sagar Unnati",https://shipmin.dashboard.nic.in/,Historical monthly congestion proxy calibrated to publicly reported Indian major-port pre-berthing waiting times and Sagar Unnati vessel-position/traffic information. Not a historical AIS-derived observation series.
2023-02-01,Gangavaram,3.78,90.56,47.06,11,PROXY,"India Ministry of Ports, Shipping and Waterways / Sagar Unnati",https://shipmin.dashboard.nic.in/,Historical monthly congestion proxy calibrated to publicly reported Indian major-port pre-berthing waiting times and Sagar Unnati vessel-position/traffic information. Not a historical AIS-derived observation series.
2023-03-01,Gangavaram,3.77,90.44,47.47,8,PROXY,"India Ministry of Ports, Shipping and Waterways / Sagar Unnati",https://shipmin.dashboard.nic.in/,Historical monthly congestion proxy calibrated to publicly reported Indian major-port pre-berthing waiting times and Sagar Unnati vessel-position/traffic information. Not a historical AIS-derived observation series.
2023-04-01,Gangavaram,4.04,95.25,47.18,7,PROXY,"India Ministry of Ports, Shipping and Waterways / Sagar Unnati",https://shipmin.dashboard.nic.in/,Historical monthly congestion proxy calibrated to publicly reported Indian major-port pre-berthing waiting times and Sagar Unnati vessel-position/traffic information. Not a historical AIS-derived observation series.
2023-05-01,Gangavaram,3.52,83.76,42.78,10,PROXY,"India Ministry of Ports, Shipping and Waterways / Sagar Unnati",https://shipmin.dashboard.nic.in/,Historical monthly congestion proxy calibrated to publicly reported Indian major-port pre-berthing waiting times and Sagar Unnati vessel-position/traffic information. Not a historical AIS-derived observation series.
2023-06-01,Gangavaram,3.14,78.53,46.72,8,PROXY,"India Ministry of Ports, Shipping and Waterways / Sagar Unnati",https://shipmin.dashboard.nic.in/,Historical monthly congestion proxy calibrated to publicly reported Indian major-port pre-berthing waiting times and Sagar Unnati vessel-position/traffic information. Not a historical AIS-derived observation series.
2023-07-01,Gangavaram,2.4,65.49,47.82,6,PROXY,"India Ministry of Ports, Shipping and Waterways / Sagar Unnati",https://shipmin.dashboard.nic.in/,Historical monthly congestion proxy calibrated to publicly reported Indian major-port pre-berthing waiting times and Sagar Unnati vessel-position/traffic information. Not a historical AIS-derived observation series.
2023-08-01,Gangavaram,1.61,49.82,45.14,8,PROXY,"India Ministry of Ports, Shipping and Waterways / Sagar Unnati",https://shipmin.dashboard.nic.in/,Historical monthly congestion proxy calibrated to publicly reported Indian major-port pre-berthing waiting times and Sagar Unnati vessel-position/traffic information. Not a historical AIS-derived observation series.
2023-09-01,Gangavaram,2.63,66.68,40.99,9,PROXY,"India Ministry of Ports, Shipping and Waterways / Sagar Unnati",https://shipmin.dashboard.nic.in/,Historical monthly congestion proxy calibrated to publicly reported Indian major-port pre-berthing waiting times and Sagar Unnati vessel-position/traffic information. Not a historical AIS-derived observation series.
2023-10-01,Gangavaram,3.22,80.02,46.62,14,PROXY,"India Ministry of Ports, Shipping and Waterways / Sagar Unnati",https://shipmin.dashboard.nic.in/,Historical monthly congestion proxy calibrated to publicly reported Indian major-port pre-berthing waiting times and Sagar Unnati vessel-position/traffic information. Not a historical AIS-derived observation series.
2023-11-01,Gangavaram,4.46,101.41,43.74,8,PROXY,"India Ministry of Ports, Shipping and Waterways / Sagar Unnati",https://shipmin.dashboard.nic.in/,Historical monthly congestion proxy calibrated to publicly reported Indian major-port pre-berthing waiting times and Sagar Unnati vessel-position/traffic information. Not a historical AIS-derived observation series.
2023-12-01,Gangavaram,2.61,66.52,41.45,9,PROXY,"India Ministry of Ports, Shipping and Waterways / Sagar Unnati",https://shipmin.dashboard.nic.in/,Historical monthly congestion proxy calibrated to publicly reported Indian major-port pre-berthing waiting times and Sagar Unnati vessel-position/traffic information. Not a historical AIS-derived observation series.
2024-01-01,Gangavaram,3.1,76.27,43.22,7,PROXY,"India Ministry of Ports, Shipping and Waterways / Sagar Unnati",https://shipmin.dashboard.nic.in/,Historical monthly congestion proxy calibrated to publicly reported Indian major-port pre-berthing waiting times and Sagar Unnati vessel-position/traffic information. Not a historical AIS-derived observation series.
2024-02-01,Gangavaram,4.64,106.13,46.82,12,PROXY,"India Ministry of Ports, Shipping and Waterways / Sagar Unnati",https://shipmin.dashboard.nic.in/,Historical monthly congestion proxy calibrated to publicly reported Indian major-port pre-berthing waiting times and Sagar Unnati vessel-position/traffic information. Not a historical AIS-derived observation series.
2024-03-01,Gangavaram,4.43,99.79,41.24,13,PROXY,"India Ministry of Ports, Shipping and Waterways / Sagar Unnati",https://shipmin.dashboard.nic.in/,Historical monthly congestion proxy calibrated to publicly reported Indian major-port pre-berthing waiting times and Sagar Unnati vessel-position/traffic information. Not a historical AIS-derived observation series.
2024-04-01,Gangavaram,3.1,77.55,46.22,11,PROXY,"India Ministry of Ports, Shipping and Waterways / Sagar Unnati",https://shipmin.dashboard.nic.in/,Historical monthly congestion proxy calibrated to publicly reported Indian major-port pre-berthing waiting times and Sagar Unnati vessel-position/traffic information. Not a historical AIS-derived observation series.
2024-05-01,Gangavaram,4.68,105.08,42.76,9,PROXY,"India Ministry of Ports, Shipping and Waterways / Sagar Unnati",https://shipmin.dashboard.nic.in/,Historical monthly congestion proxy calibrated to publicly reported Indian major-port pre-berthing waiting times and Sagar Unnati vessel-position/traffic information. Not a historical AIS-derived observation series.
2024-06-01,Gangavaram,3.62,87.01,45.85,12,PROXY,"India Ministry of Ports, Shipping and Waterways / Sagar Unnati",https://shipmin.dashboard.nic.in/,Historical monthly congestion proxy calibrated to publicly reported Indian major-port pre-berthing waiting times and Sagar Unnati vessel-position/traffic information. Not a historical AIS-derived observation series.
2024-07-01,Gangavaram,1.95,55.97,44.95,12,PROXY,"India Ministry of Ports, Shipping and Waterways / Sagar Unnati",https://shipmin.dashboard.nic.in/,Historical monthly congestion proxy calibrated to publicly reported Indian major-port pre-berthing waiting times and Sagar Unnati vessel-position/traffic information. Not a historical AIS-derived observation series.
2024-08-01,Gangavaram,3.04,74.93,42.5,9,PROXY,"India Ministry of Ports, Shipping and Waterways / Sagar Unnati",https://shipmin.dashboard.nic.in/,Historical monthly congestion proxy calibrated to publicly reported Indian major-port pre-berthing waiting times and Sagar Unnati vessel-position/traffic information. Not a historical AIS-derived observation series.
2024-09-01,Gangavaram,2.48,63.79,40.54,12,PROXY,"India Ministry of Ports, Shipping and Waterways / Sagar Unnati",https://shipmin.dashboard.nic.in/,Historical monthly congestion proxy calibrated to publicly reported Indian major-port pre-berthing waiting times and Sagar Unnati vessel-position/traffic information. Not a historical AIS-derived observation series.
2024-10-01,Gangavaram,3.02,74.87,43.51,14,PROXY,"India Ministry of Ports, Shipping and Waterways / Sagar Unnati",https://shipmin.dashboard.nic.in/,Historical monthly congestion proxy calibrated to publicly reported Indian major-port pre-berthing waiting times and Sagar Unnati vessel-position/traffic information. Not a historical AIS-derived observation series.
2024-11-01,Gangavaram,3.84,88.41,40.19,8,PROXY,"India Ministry of Ports, Shipping and Waterways / Sagar Unnati",https://shipmin.dashboard.nic.in/,Historical monthly congestion proxy calibrated to publicly reported Indian major-port pre-berthing waiting times and Sagar Unnati vessel-position/traffic information. Not a historical AIS-derived observation series.
2024-12-01,Gangavaram,5.34,117.78,43.99,9,PROXY,"India Ministry of Ports, Shipping and Waterways / Sagar Unnati",https://shipmin.dashboard.nic.in/,Historical monthly congestion proxy calibrated to publicly reported Indian major-port pre-berthing waiting times and Sagar Unnati vessel-position/traffic information. Not a historical AIS-derived observation series.
2025-01-01,Gangavaram,3.22,76.8,39.61,11,PROXY,"India Ministry of Ports, Shipping and Waterways / Sagar Unnati",https://shipmin.dashboard.nic.in/,Historical monthly congestion proxy calibrated to publicly reported Indian major-port pre-berthing waiting times and Sagar Unnati vessel-position/traffic information. Not a historical AIS-derived observation series.
2025-02-01,Gangavaram,4.81,108.2,44.38,11,PROXY,"India Ministry of Ports, Shipping and Waterways / Sagar Unnati",https://shipmin.dashboard.nic.in/,Historical monthly congestion proxy calibrated to publicly reported Indian major-port pre-berthing waiting times and Sagar Unnati vessel-position/traffic information. Not a historical AIS-derived observation series.
2025-03-01,Gangavaram,3.99,92.07,42.08,11,PROXY,"India Ministry of Ports, Shipping and Waterways / Sagar Unnati",https://shipmin.dashboard.nic.in/,Historical monthly congestion proxy calibrated to publicly reported Indian major-port pre-berthing waiting times and Sagar Unnati vessel-position/traffic information. Not a historical AIS-derived observation series.
2025-04-01,Gangavaram,3.91,90.29,41.47,11,PROXY,"India Ministry of Ports, Shipping and Waterways / Sagar Unnati",https://shipmin.dashboard.nic.in/,Historical monthly congestion proxy calibrated to publicly reported Indian major-port pre-berthing waiting times and Sagar Unnati vessel-position/traffic information. Not a historical AIS-derived observation series.
2025-05-01,Gangavaram,3.15,77.67,44.18,14,PROXY,"India Ministry of Ports, Shipping and Waterways / Sagar Unnati",https://shipmin.dashboard.nic.in/,Historical monthly congestion proxy calibrated to publicly reported Indian major-port pre-berthing waiting times and Sagar Unnati vessel-position/traffic information. Not a historical AIS-derived observation series.
2025-06-01,Gangavaram,3.77,89.11,44.49,9,PROXY,"India Ministry of Ports, Shipping and Waterways / Sagar Unnati",https://shipmin.dashboard.nic.in/,Historical monthly congestion proxy calibrated to publicly reported Indian major-port pre-berthing waiting times and Sagar Unnati vessel-position/traffic information. Not a historical AIS-derived observation series.
2025-07-01,Gangavaram,3.1,77.97,47.09,10,PROXY,"India Ministry of Ports, Shipping and Waterways / Sagar Unnati",https://shipmin.dashboard.nic.in/,Historical monthly congestion proxy calibrated to publicly reported Indian major-port pre-berthing waiting times and Sagar Unnati vessel-position/traffic information. Not a historical AIS-derived observation series.
2025-08-01,Gangavaram,2.65,71.24,50.53,10,PROXY,"India Ministry of Ports, Shipping and Waterways / Sagar Unnati",https://shipmin.dashboard.nic.in/,Historical monthly congestion proxy calibrated to publicly reported Indian major-port pre-berthing waiting times and Sagar Unnati vessel-position/traffic information. Not a historical AIS-derived observation series.
2025-09-01,Gangavaram,3.21,78.11,42.85,8,PROXY,"India Ministry of Ports, Shipping and Waterways / Sagar Unnati",https://shipmin.dashboard.nic.in/,Historical monthly congestion proxy calibrated to publicly reported Indian major-port pre-berthing waiting times and Sagar Unnati vessel-position/traffic information. Not a historical AIS-derived observation series.
2025-10-01,Gangavaram,3.27,79.77,44.14,8,PROXY,"India Ministry of Ports, Shipping and Waterways / Sagar Unnati",https://shipmin.dashboard.nic.in/,Historical monthly congestion proxy calibrated to publicly reported Indian major-port pre-berthing waiting times and Sagar Unnati vessel-position/traffic information. Not a historical AIS-derived observation series.
2025-11-01,Gangavaram,3.45,82.72,43.37,13,PROXY,"India Ministry of Ports, Shipping and Waterways / Sagar Unnati",https://shipmin.dashboard.nic.in/,Historical monthly congestion proxy calibrated to publicly reported Indian major-port pre-berthing waiting times and Sagar Unnati vessel-position/traffic information. Not a historical AIS-derived observation series.
2025-12-01,Gangavaram,2.69,67.22,39.71,11,PROXY,"India Ministry of Ports, Shipping and Waterways / Sagar Unnati",https://shipmin.dashboard.nic.in/,Historical monthly congestion proxy calibrated to publicly reported Indian major-port pre-berthing waiting times and Sagar Unnati vessel-position/traffic information. Not a historical AIS-derived observation series.
2026-01-01,Gangavaram,3.58,86.09,45.48,11,PROXY,"India Ministry of Ports, Shipping and Waterways / Sagar Unnati",https://shipmin.dashboard.nic.in/,Historical monthly congestion proxy calibrated to publicly reported Indian major-port pre-berthing waiting times and Sagar Unnati vessel-position/traffic information. Not a historical AIS-derived observation series.
2026-02-01,Gangavaram,3.83,86.79,36.76,11,PROXY,"India Ministry of Ports, Shipping and Waterways / Sagar Unnati",https://shipmin.dashboard.nic.in/,Historical monthly congestion proxy calibrated to publicly reported Indian major-port pre-berthing waiting times and Sagar Unnati vessel-position/traffic information. Not a historical AIS-derived observation series.
2026-03-01,Gangavaram,4.71,106.91,45.75,9,PROXY,"India Ministry of Ports, Shipping and Waterways / Sagar Unnati",https://shipmin.dashboard.nic.in/,Historical monthly congestion proxy calibrated to publicly reported Indian major-port pre-berthing waiting times and Sagar Unnati vessel-position/traffic information. Not a historical AIS-derived observation series.
2026-04-01,Gangavaram,3.96,92.4,43.87,9,PROXY,"India Ministry of Ports, Shipping and Waterways / Sagar Unnati",https://shipmin.dashboard.nic.in/,Historical monthly congestion proxy calibrated to publicly reported Indian major-port pre-berthing waiting times and Sagar Unnati vessel-position/traffic information. Not a historical AIS-derived observation series.
2026-05-01,Gangavaram,3.8,88.04,40.76,9,PROXY,"India Ministry of Ports, Shipping and Waterways / Sagar Unnati",https://shipmin.dashboard.nic.in/,Historical monthly congestion proxy calibrated to publicly reported Indian major-port pre-berthing waiting times and Sagar Unnati vessel-position/traffic information. Not a historical AIS-derived observation series.
2026-06-01,Gangavaram,3.44,85.88,50.58,9,PROXY,"India Ministry of Ports, Shipping and Waterways / Sagar Unnati",https://shipmin.dashboard.nic.in/,Historical monthly congestion proxy calibrated to publicly reported Indian major-port pre-berthing waiting times and Sagar Unnati vessel-position/traffic information. Not a historical AIS-derived observation series.
2026-07-01,Gangavaram,3.54,86.61,48.22,9,PROXY,"India Ministry of Ports, Shipping and Waterways / Sagar Unnati",https://shipmin.dashboard.nic.in/,Historical monthly congestion proxy calibrated to publicly reported Indian major-port pre-berthing waiting times and Sagar Unnati vessel-position/traffic information. Not a historical AIS-derived observation series.
2026-08-01,Gangavaram,3.18,78.25,44.49,11,PROXY,"India Ministry of Ports, Shipping and Waterways / Sagar Unnati",https://shipmin.dashboard.nic.in/,Historical monthly congestion proxy calibrated to publicly reported Indian major-port pre-berthing waiting times and Sagar Unnati vessel-position/traffic information. Not a historical AIS-derived observation series.
2021-01-01,Gopalpur,4.02,73.86,41.19,7,PROXY,"India Ministry of Ports, Shipping and Waterways / Sagar Unnati",https://shipmin.dashboard.nic.in/,Historical monthly congestion proxy calibrated to publicly reported Indian major-port pre-berthing waiting times and Sagar Unnati vessel-position/traffic information. Not a historical AIS-derived observation series.
2021-02-01,Gopalpur,3.99,75.15,45.19,8,PROXY,"India Ministry of Ports, Shipping and Waterways / Sagar Unnati",https://shipmin.dashboard.nic.in/,Historical monthly congestion proxy calibrated to publicly reported Indian major-port pre-berthing waiting times and Sagar Unnati vessel-position/traffic information. Not a historical AIS-derived observation series.
2021-03-01,Gopalpur,5.68,100.65,50.0,14,PROXY,"India Ministry of Ports, Shipping and Waterways / Sagar Unnati",https://shipmin.dashboard.nic.in/,Historical monthly congestion proxy calibrated to publicly reported Indian major-port pre-berthing waiting times and Sagar Unnati vessel-position/traffic information. Not a historical AIS-derived observation series.
2021-04-01,Gopalpur,5.74,101.97,51.12,6,PROXY,"India Ministry of Ports, Shipping and Waterways / Sagar Unnati",https://shipmin.dashboard.nic.in/,Historical monthly congestion proxy calibrated to publicly reported Indian major-port pre-berthing waiting times and Sagar Unnati vessel-position/traffic information. Not a historical AIS-derived observation series.
2021-05-01,Gopalpur,9.77,150.0,49.58,12,PROXY,"India Ministry of Ports, Shipping and Waterways / Sagar Unnati",https://shipmin.dashboard.nic.in/,Historical monthly congestion proxy calibrated to publicly reported Indian major-port pre-berthing waiting times and Sagar Unnati vessel-position/traffic information. Not a historical AIS-derived observation series.
2021-06-01,Gopalpur,4.52,77.74,34.57,7,PROXY,"India Ministry of Ports, Shipping and Waterways / Sagar Unnati",https://shipmin.dashboard.nic.in/,Historical monthly congestion proxy calibrated to publicly reported Indian major-port pre-berthing waiting times and Sagar Unnati vessel-position/traffic information. Not a historical AIS-derived observation series.
2021-07-01,Gopalpur,3.47,67.66,44.25,10,PROXY,"India Ministry of Ports, Shipping and Waterways / Sagar Unnati",https://shipmin.dashboard.nic.in/,Historical monthly congestion proxy calibrated to publicly reported Indian major-port pre-berthing waiting times and Sagar Unnati vessel-position/traffic information. Not a historical AIS-derived observation series.
2021-08-01,Gopalpur,3.5,69.28,47.03,8,PROXY,"India Ministry of Ports, Shipping and Waterways / Sagar Unnati",https://shipmin.dashboard.nic.in/,Historical monthly congestion proxy calibrated to publicly reported Indian major-port pre-berthing waiting times and Sagar Unnati vessel-position/traffic information. Not a historical AIS-derived observation series.
2021-09-01,Gopalpur,2.13,49.95,45.9,9,PROXY,"India Ministry of Ports, Shipping and Waterways / Sagar Unnati",https://shipmin.dashboard.nic.in/,Historical monthly congestion proxy calibrated to publicly reported Indian major-port pre-berthing waiting times and Sagar Unnati vessel-position/traffic information. Not a historical AIS-derived observation series.
2021-10-01,Gopalpur,2.83,58.47,43.6,10,PROXY,"India Ministry of Ports, Shipping and Waterways / Sagar Unnati",https://shipmin.dashboard.nic.in/,Historical monthly congestion proxy calibrated to publicly reported Indian major-port pre-berthing waiting times and Sagar Unnati vessel-position/traffic information. Not a historical AIS-derived observation series.
2021-11-01,Gopalpur,4.91,85.88,40.86,8,PROXY,"India Ministry of Ports, Shipping and Waterways / Sagar Unnati",https://shipmin.dashboard.nic.in/,Historical monthly congestion proxy calibrated to publicly reported Indian major-port pre-berthing waiting times and Sagar Unnati vessel-position/traffic information. Not a historical AIS-derived observation series.
2021-12-01,Gopalpur,4.99,90.79,49.27,9,PROXY,"India Ministry of Ports, Shipping and Waterways / Sagar Unnati",https://shipmin.dashboard.nic.in/,Historical monthly congestion proxy calibrated to publicly reported Indian major-port pre-berthing waiting times and Sagar Unnati vessel-position/traffic information. Not a historical AIS-derived observation series.
2022-01-01,Gopalpur,4.41,79.03,40.78,11,PROXY,"India Ministry of Ports, Shipping and Waterways / Sagar Unnati",https://shipmin.dashboard.nic.in/,Historical monthly congestion proxy calibrated to publicly reported Indian major-port pre-berthing waiting times and Sagar Unnati vessel-position/traffic information. Not a historical AIS-derived observation series.
2022-02-01,Gopalpur,4.35,80.76,46.59,13,PROXY,"India Ministry of Ports, Shipping and Waterways / Sagar Unnati",https://shipmin.dashboard.nic.in/,Historical monthly congestion proxy calibrated to publicly reported Indian major-port pre-berthing waiting times and Sagar Unnati vessel-position/traffic information. Not a historical AIS-derived observation series.
2022-03-01,Gopalpur,6.38,106.59,42.01,14,PROXY,"India Ministry of Ports, Shipping and Waterways / Sagar Unnati",https://shipmin.dashboard.nic.in/,Historical monthly congestion proxy calibrated to publicly reported Indian major-port pre-berthing waiting times and Sagar Unnati vessel-position/traffic information. Not a historical AIS-derived observation series.
2022-04-01,Gopalpur,5.03,90.04,46.5,11,PROXY,"India Ministry of Ports, Shipping and Waterways / Sagar Unnati",https://shipmin.dashboard.nic.in/,Historical monthly congestion proxy calibrated to publicly reported Indian major-port pre-berthing waiting times and Sagar Unnati vessel-position/traffic information. Not a historical AIS-derived observation series.
2022-05-01,Gopalpur,3.92,72.53,41.4,10,PROXY,"India Ministry of Ports, Shipping and Waterways / Sagar Unnati",https://shipmin.dashboard.nic.in/,Historical monthly congestion proxy calibrated to publicly reported Indian major-port pre-berthing waiting times and Sagar Unnati vessel-position/traffic information. Not a historical AIS-derived observation series.
2022-06-01,Gopalpur,3.41,69.33,49.81,15,PROXY,"India Ministry of Ports, Shipping and Waterways / Sagar Unnati",https://shipmin.dashboard.nic.in/,Historical monthly congestion proxy calibrated to publicly reported Indian major-port pre-berthing waiting times and Sagar Unnati vessel-position/traffic information. Not a historical AIS-derived observation series.
2022-07-01,Gopalpur,4.09,74.87,41.38,11,PROXY,"India Ministry of Ports, Shipping and Waterways / Sagar Unnati",https://shipmin.dashboard.nic.in/,Historical monthly congestion proxy calibrated to publicly reported Indian major-port pre-berthing waiting times and Sagar Unnati vessel-position/traffic information. Not a historical AIS-derived observation series.
2022-08-01,Gopalpur,2.94,60.17,44.03,10,PROXY,"India Ministry of Ports, Shipping and Waterways / Sagar Unnati",https://shipmin.dashboard.nic.in/,Historical monthly congestion proxy calibrated to publicly reported Indian major-port pre-berthing waiting times and Sagar Unnati vessel-position/traffic information. Not a historical AIS-derived observation series.
2022-09-01,Gopalpur,7.75,130.38,52.91,13,PROXY,"India Ministry of Ports, Shipping and Waterways / Sagar Unnati",https://shipmin.dashboard.nic.in/,Historical monthly congestion proxy calibrated to publicly reported Indian major-port pre-berthing waiting times and Sagar Unnati vessel-position/traffic information. Not a historical AIS-derived observation series.
2022-10-01,Gopalpur,2.66,57.07,45.55,11,PROXY,"India Ministry of Ports, Shipping and Waterways / Sagar Unnati",https://shipmin.dashboard.nic.in/,Historical monthly congestion proxy calibrated to publicly reported Indian major-port pre-berthing waiting times and Sagar Unnati vessel-position/traffic information. Not a historical AIS-derived observation series.
2022-11-01,Gopalpur,3.65,66.27,35.82,9,PROXY,"India Ministry of Ports, Shipping and Waterways / Sagar Unnati",https://shipmin.dashboard.nic.in/,Historical monthly congestion proxy calibrated to publicly reported Indian major-port pre-berthing waiting times and Sagar Unnati vessel-position/traffic information. Not a historical AIS-derived observation series.
2022-12-01,Gopalpur,2.98,60.15,42.54,10,PROXY,"India Ministry of Ports, Shipping and Waterways / Sagar Unnati",https://shipmin.dashboard.nic.in/,Historical monthly congestion proxy calibrated to publicly reported Indian major-port pre-berthing waiting times and Sagar Unnati vessel-position/traffic information. Not a historical AIS-derived observation series.
2023-01-01,Gopalpur,4.72,88.57,52.58,11,PROXY,"India Ministry of Ports, Shipping and Waterways / Sagar Unnati",https://shipmin.dashboard.nic.in/,Historical monthly congestion proxy calibrated to publicly reported Indian major-port pre-berthing waiting times and Sagar Unnati vessel-position/traffic information. Not a historical AIS-derived observation series.
2023-02-01,Gopalpur,4.01,74.75,43.53,7,PROXY,"India Ministry of Ports, Shipping and Waterways / Sagar Unnati",https://shipmin.dashboard.nic.in/,Historical monthly congestion proxy calibrated to publicly reported Indian major-port pre-berthing waiting times and Sagar Unnati vessel-position/traffic information. Not a historical AIS-derived observation series.
2023-03-01,Gopalpur,5.15,91.57,46.09,11,PROXY,"India Ministry of Ports, Shipping and Waterways / Sagar Unnati",https://shipmin.dashboard.nic.in/,Historical monthly congestion proxy calibrated to publicly reported Indian major-port pre-berthing waiting times and Sagar Unnati vessel-position/traffic information. Not a historical AIS-derived observation series.
2023-04-01,Gopalpur,4.67,82.6,40.8,14,PROXY,"India Ministry of Ports, Shipping and Waterways / Sagar Unnati",https://shipmin.dashboard.nic.in/,Historical monthly congestion proxy calibrated to publicly reported Indian major-port pre-berthing waiting times and Sagar Unnati vessel-position/traffic information. Not a historical AIS-derived observation series.
2023-05-01,Gopalpur,4.19,73.34,34.94,12,PROXY,"India Ministry of Ports, Shipping and Waterways / Sagar Unnati",https://shipmin.dashboard.nic.in/,Historical monthly congestion proxy calibrated to publicly reported Indian major-port pre-berthing waiting times and Sagar Unnati vessel-position/traffic information. Not a historical AIS-derived observation series.
2023-06-01,Gopalpur,4.55,81.55,42.29,10,PROXY,"India Ministry of Ports, Shipping and Waterways / Sagar Unnati",https://shipmin.dashboard.nic.in/,Historical monthly congestion proxy calibrated to publicly reported Indian major-port pre-berthing waiting times and Sagar Unnati vessel-position/traffic information. Not a historical AIS-derived observation series.
2023-07-01,Gopalpur,4.98,90.85,49.59,11,PROXY,"India Ministry of Ports, Shipping and Waterways / Sagar Unnati",https://shipmin.dashboard.nic.in/,Historical monthly congestion proxy calibrated to publicly reported Indian major-port pre-berthing waiting times and Sagar Unnati vessel-position/traffic information. Not a historical AIS-derived observation series.
2023-08-01,Gopalpur,4.49,82.34,45.84,11,PROXY,"India Ministry of Ports, Shipping and Waterways / Sagar Unnati",https://shipmin.dashboard.nic.in/,Historical monthly congestion proxy calibrated to publicly reported Indian major-port pre-berthing waiting times and Sagar Unnati vessel-position/traffic information. Not a historical AIS-derived observation series.
2023-09-01,Gopalpur,3.5,69.89,48.33,8,PROXY,"India Ministry of Ports, Shipping and Waterways / Sagar Unnati",https://shipmin.dashboard.nic.in/,Historical monthly congestion proxy calibrated to publicly reported Indian major-port pre-berthing waiting times and Sagar Unnati vessel-position/traffic information. Not a historical AIS-derived observation series.
2023-10-01,Gopalpur,4.18,76.74,42.82,10,PROXY,"India Ministry of Ports, Shipping and Waterways / Sagar Unnati",https://shipmin.dashboard.nic.in/,Historical monthly congestion proxy calibrated to publicly reported Indian major-port pre-berthing waiting times and Sagar Unnati vessel-position/traffic information. Not a historical AIS-derived observation series.
2023-11-01,Gopalpur,3.9,72.36,41.63,9,PROXY,"India Ministry of Ports, Shipping and Waterways / Sagar Unnati",https://shipmin.dashboard.nic.in/,Historical monthly congestion proxy calibrated to publicly reported Indian major-port pre-berthing waiting times and Sagar Unnati vessel-position/traffic information. Not a historical AIS-derived observation series.
2023-12-01,Gopalpur,4.33,79.51,44.31,8,PROXY,"India Ministry of Ports, Shipping and Waterways / Sagar Unnati",https://shipmin.dashboard.nic.in/,Historical monthly congestion proxy calibrated to publicly reported Indian major-port pre-berthing waiting times and Sagar Unnati vessel-position/traffic information. Not a historical AIS-derived observation series.
2024-01-01,Gopalpur,7.91,130.8,48.89,14,PROXY,"India Ministry of Ports, Shipping and Waterways / Sagar Unnati",https://shipmin.dashboard.nic.in/,Historical monthly congestion proxy calibrated to publicly reported Indian major-port pre-berthing waiting times and Sagar Unnati vessel-position/traffic information. Not a historical AIS-derived observation series.
2024-02-01,Gopalpur,4.77,84.04,41.02,8,PROXY,"India Ministry of Ports, Shipping and Waterways / Sagar Unnati",https://shipmin.dashboard.nic.in/,Historical monthly congestion proxy calibrated to publicly reported Indian major-port pre-berthing waiting times and Sagar Unnati vessel-position/traffic information. Not a historical AIS-derived observation series.
2024-03-01,Gopalpur,5.63,97.7,44.97,10,PROXY,"India Ministry of Ports, Shipping and Waterways / Sagar Unnati",https://shipmin.dashboard.nic.in/,Historical monthly congestion proxy calibrated to publicly reported Indian major-port pre-berthing waiting times and Sagar Unnati vessel-position/traffic information. Not a historical AIS-derived observation series.
2024-04-01,Gopalpur,4.96,88.52,45.08,12,PROXY,"India Ministry of Ports, Shipping and Waterways / Sagar Unnati",https://shipmin.dashboard.nic.in/,Historical monthly congestion proxy calibrated to publicly reported Indian major-port pre-berthing waiting times and Sagar Unnati vessel-position/traffic information. Not a historical AIS-derived observation series.
2024-05-01,Gopalpur,5.13,88.54,40.01,14,PROXY,"India Ministry of Ports, Shipping and Waterways / Sagar Unnati",https://shipmin.dashboard.nic.in/,Historical monthly congestion proxy calibrated to publicly reported Indian major-port pre-berthing waiting times and Sagar Unnati vessel-position/traffic information. Not a historical AIS-derived observation series.
2024-06-01,Gopalpur,3.9,72.2,41.27,15,PROXY,"India Ministry of Ports, Shipping and Waterways / Sagar Unnati",https://shipmin.dashboard.nic.in/,Historical monthly congestion proxy calibrated to publicly reported Indian major-port pre-berthing waiting times and Sagar Unnati vessel-position/traffic information. Not a historical AIS-derived observation series.
2024-07-01,Gopalpur,4.44,82.94,48.59,10,PROXY,"India Ministry of Ports, Shipping and Waterways / Sagar Unnati",https://shipmin.dashboard.nic.in/,Historical monthly congestion proxy calibrated to publicly reported Indian major-port pre-berthing waiting times and Sagar Unnati vessel-position/traffic information. Not a historical AIS-derived observation series.
2024-08-01,Gopalpur,3.55,68.85,44.63,11,PROXY,"India Ministry of Ports, Shipping and Waterways / Sagar Unnati",https://shipmin.dashboard.nic.in/,Historical monthly congestion proxy calibrated to publicly reported Indian major-port pre-berthing waiting times and Sagar Unnati vessel-position/traffic information. Not a historical AIS-derived observation series.
2024-09-01,Gopalpur,3.14,66.06,50.94,12,PROXY,"India Ministry of Ports, Shipping and Waterways / Sagar Unnati",https://shipmin.dashboard.nic.in/,Historical monthly congestion proxy calibrated to publicly reported Indian major-port pre-berthing waiting times and Sagar Unnati vessel-position/traffic information. Not a historical AIS-derived observation series.
2024-10-01,Gopalpur,3.44,62.78,34.42,9,PROXY,"India Ministry of Ports, Shipping and Waterways / Sagar Unnati",https://shipmin.dashboard.nic.in/,Historical monthly congestion proxy calibrated to publicly reported Indian major-port pre-berthing waiting times and Sagar Unnati vessel-position/traffic information. Not a historical AIS-derived observation series.
2024-11-01,Gopalpur,4.7,85.38,46.18,10,PROXY,"India Ministry of Ports, Shipping and Waterways / Sagar Unnati",https://shipmin.dashboard.nic.in/,Historical monthly congestion proxy calibrated to publicly reported Indian major-port pre-berthing waiting times and Sagar Unnati vessel-position/traffic information. Not a historical AIS-derived observation series.
2024-12-01,Gopalpur,4.31,75.66,36.41,11,PROXY,"India Ministry of Ports, Shipping and Waterways / Sagar Unnati",https://shipmin.dashboard.nic.in/,Historical monthly congestion proxy calibrated to publicly reported Indian major-port pre-berthing waiting times and Sagar Unnati vessel-position/traffic information. Not a historical AIS-derived observation series.
2025-01-01,Gopalpur,5.09,89.69,43.84,13,PROXY,"India Ministry of Ports, Shipping and Waterways / Sagar Unnati",https://shipmin.dashboard.nic.in/,Historical monthly congestion proxy calibrated to publicly reported Indian major-port pre-berthing waiting times and Sagar Unnati vessel-position/traffic information. Not a historical AIS-derived observation series.
2025-02-01,Gopalpur,5.0,90.07,47.41,10,PROXY,"India Ministry of Ports, Shipping and Waterways / Sagar Unnati",https://shipmin.dashboard.nic.in/,Historical monthly congestion proxy calibrated to publicly reported Indian major-port pre-berthing waiting times and Sagar Unnati vessel-position/traffic information. Not a historical AIS-derived observation series.
2025-03-01,Gopalpur,5.49,95.59,44.75,13,PROXY,"India Ministry of Ports, Shipping and Waterways / Sagar Unnati",https://shipmin.dashboard.nic.in/,Historical monthly congestion proxy calibrated to publicly reported Indian major-port pre-berthing waiting times and Sagar Unnati vessel-position/traffic information. Not a historical AIS-derived observation series.
2025-04-01,Gopalpur,5.32,95.35,49.32,11,PROXY,"India Ministry of Ports, Shipping and Waterways / Sagar Unnati",https://shipmin.dashboard.nic.in/,Historical monthly congestion proxy calibrated to publicly reported Indian major-port pre-berthing waiting times and Sagar Unnati vessel-position/traffic information. Not a historical AIS-derived observation series.
2025-05-01,Gopalpur,5.34,92.63,42.56,9,PROXY,"India Ministry of Ports, Shipping and Waterways / Sagar Unnati",https://shipmin.dashboard.nic.in/,Historical monthly congestion proxy calibrated to publicly reported Indian major-port pre-berthing waiting times and Sagar Unnati vessel-position/traffic information. Not a historical AIS-derived observation series.
2025-06-01,Gopalpur,4.41,82.6,48.82,7,PROXY,"India Ministry of Ports, Shipping and Waterways / Sagar Unnati",https://shipmin.dashboard.nic.in/,Historical monthly congestion proxy calibrated to publicly reported Indian major-port pre-berthing waiting times and Sagar Unnati vessel-position/traffic information. Not a historical AIS-derived observation series.
2025-07-01,Gopalpur,3.52,68.95,45.52,10,PROXY,"India Ministry of Ports, Shipping and Waterways / Sagar Unnati",https://shipmin.dashboard.nic.in/,Historical monthly congestion proxy calibrated to publicly reported Indian major-port pre-berthing waiting times and Sagar Unnati vessel-position/traffic information. Not a historical AIS-derived observation series.
2025-08-01,Gopalpur,3.29,66.22,46.75,12,PROXY,"India Ministry of Ports, Shipping and Waterways / Sagar Unnati",https://shipmin.dashboard.nic.in/,Historical monthly congestion proxy calibrated to publicly reported Indian major-port pre-berthing waiting times and Sagar Unnati vessel-position/traffic information. Not a historical AIS-derived observation series.
2025-09-01,Gopalpur,4.39,80.14,43.81,10,PROXY,"India Ministry of Ports, Shipping and Waterways / Sagar Unnati",https://shipmin.dashboard.nic.in/,Historical monthly congestion proxy calibrated to publicly reported Indian major-port pre-berthing waiting times and Sagar Unnati vessel-position/traffic information. Not a historical AIS-derived observation series.
2025-10-01,Gopalpur,3.97,75.69,46.94,9,PROXY,"India Ministry of Ports, Shipping and Waterways / Sagar Unnati",https://shipmin.dashboard.nic.in/,Historical monthly congestion proxy calibrated to publicly reported Indian major-port pre-berthing waiting times and Sagar Unnati vessel-position/traffic information. Not a historical AIS-derived observation series.
2025-11-01,Gopalpur,3.32,63.6,39.75,12,PROXY,"India Ministry of Ports, Shipping and Waterways / Sagar Unnati",https://shipmin.dashboard.nic.in/,Historical monthly congestion proxy calibrated to publicly reported Indian major-port pre-berthing waiting times and Sagar Unnati vessel-position/traffic information. Not a historical AIS-derived observation series.
2025-12-01,Gopalpur,3.72,70.81,43.76,9,PROXY,"India Ministry of Ports, Shipping and Waterways / Sagar Unnati",https://shipmin.dashboard.nic.in/,Historical monthly congestion proxy calibrated to publicly reported Indian major-port pre-berthing waiting times and Sagar Unnati vessel-position/traffic information. Not a historical AIS-derived observation series.
2026-01-01,Gopalpur,3.96,74.22,44.08,13,PROXY,"India Ministry of Ports, Shipping and Waterways / Sagar Unnati",https://shipmin.dashboard.nic.in/,Historical monthly congestion proxy calibrated to publicly reported Indian major-port pre-berthing waiting times and Sagar Unnati vessel-position/traffic information. Not a historical AIS-derived observation series.
2026-02-01,Gopalpur,4.96,88.57,45.33,14,PROXY,"India Ministry of Ports, Shipping and Waterways / Sagar Unnati",https://shipmin.dashboard.nic.in/,Historical monthly congestion proxy calibrated to publicly reported Indian major-port pre-berthing waiting times and Sagar Unnati vessel-position/traffic information. Not a historical AIS-derived observation series.
2026-03-01,Gopalpur,4.94,88.65,46.17,11,PROXY,"India Ministry of Ports, Shipping and Waterways / Sagar Unnati",https://shipmin.dashboard.nic.in/,Historical monthly congestion proxy calibrated to publicly reported Indian major-port pre-berthing waiting times and Sagar Unnati vessel-position/traffic information. Not a historical AIS-derived observation series.
2026-04-01,Gopalpur,4.33,78.28,41.58,8,PROXY,"India Ministry of Ports, Shipping and Waterways / Sagar Unnati",https://shipmin.dashboard.nic.in/,Historical monthly congestion proxy calibrated to publicly reported Indian major-port pre-berthing waiting times and Sagar Unnati vessel-position/traffic information. Not a historical AIS-derived observation series.
2026-05-01,Gopalpur,4.44,79.85,41.91,10,PROXY,"India Ministry of Ports, Shipping and Waterways / Sagar Unnati",https://shipmin.dashboard.nic.in/,Historical monthly congestion proxy calibrated to publicly reported Indian major-port pre-berthing waiting times and Sagar Unnati vessel-position/traffic information. Not a historical AIS-derived observation series.
2026-06-01,Gopalpur,7.63,120.94,35.56,13,PROXY,"India Ministry of Ports, Shipping and Waterways / Sagar Unnati",https://shipmin.dashboard.nic.in/,Historical monthly congestion proxy calibrated to publicly reported Indian major-port pre-berthing waiting times and Sagar Unnati vessel-position/traffic information. Not a historical AIS-derived observation series.
2026-07-01,Gopalpur,2.98,59.41,40.83,11,PROXY,"India Ministry of Ports, Shipping and Waterways / Sagar Unnati",https://shipmin.dashboard.nic.in/,Historical monthly congestion proxy calibrated to publicly reported Indian major-port pre-berthing waiting times and Sagar Unnati vessel-position/traffic information. Not a historical AIS-derived observation series.
2026-08-01,Gopalpur,3.18,60.47,37.14,9,PROXY,"India Ministry of Ports, Shipping and Waterways / Sagar Unnati",https://shipmin.dashboard.nic.in/,Historical monthly congestion proxy calibrated to publicly reported Indian major-port pre-berthing waiting times and Sagar Unnati vessel-position/traffic information. Not a historical AIS-derived observation series.
2021-01-01,Sagar/Sandheads,9.57,88.09,49.53,17,PROXY,"India Ministry of Ports, Shipping and Waterways / Sagar Unnati",https://shipmin.dashboard.nic.in/,Historical monthly congestion proxy calibrated to publicly reported Indian major-port pre-berthing waiting times and Sagar Unnati vessel-position/traffic information. Not a historical AIS-derived observation series.
2021-02-01,Sagar/Sandheads,8.61,80.14,46.55,12,PROXY,"India Ministry of Ports, Shipping and Waterways / Sagar Unnati",https://shipmin.dashboard.nic.in/,Historical monthly congestion proxy calibrated to publicly reported Indian major-port pre-berthing waiting times and Sagar Unnati vessel-position/traffic information. Not a historical AIS-derived observation series.
2021-03-01,Sagar/Sandheads,9.65,87.64,47.38,14,PROXY,"India Ministry of Ports, Shipping and Waterways / Sagar Unnati",https://shipmin.dashboard.nic.in/,Historical monthly congestion proxy calibrated to publicly reported Indian major-port pre-berthing waiting times and Sagar Unnati vessel-position/traffic information. Not a historical AIS-derived observation series.
2021-04-01,Sagar/Sandheads,10.14,91.83,49.15,17,PROXY,"India Ministry of Ports, Shipping and Waterways / Sagar Unnati",https://shipmin.dashboard.nic.in/,Historical monthly congestion proxy calibrated to publicly reported Indian major-port pre-berthing waiting times and Sagar Unnati vessel-position/traffic information. Not a historical AIS-derived observation series.
2021-05-01,Sagar/Sandheads,10.43,96.49,55.05,13,PROXY,"India Ministry of Ports, Shipping and Waterways / Sagar Unnati",https://shipmin.dashboard.nic.in/,Historical monthly congestion proxy calibrated to publicly reported Indian major-port pre-berthing waiting times and Sagar Unnati vessel-position/traffic information. Not a historical AIS-derived observation series.
2021-06-01,Sagar/Sandheads,8.42,80.97,51.29,13,PROXY,"India Ministry of Ports, Shipping and Waterways / Sagar Unnati",https://shipmin.dashboard.nic.in/,Historical monthly congestion proxy calibrated to publicly reported Indian major-port pre-berthing waiting times and Sagar Unnati vessel-position/traffic information. Not a historical AIS-derived observation series.
2021-07-01,Sagar/Sandheads,7.11,67.26,40.86,9,PROXY,"India Ministry of Ports, Shipping and Waterways / Sagar Unnati",https://shipmin.dashboard.nic.in/,Historical monthly congestion proxy calibrated to publicly reported Indian major-port pre-berthing waiting times and Sagar Unnati vessel-position/traffic information. Not a historical AIS-derived observation series.
2021-08-01,Sagar/Sandheads,5.85,61.7,47.75,12,PROXY,"India Ministry of Ports, Shipping and Waterways / Sagar Unnati",https://shipmin.dashboard.nic.in/,Historical monthly congestion proxy calibrated to publicly reported Indian major-port pre-berthing waiting times and Sagar Unnati vessel-position/traffic information. Not a historical AIS-derived observation series.
2021-09-01,Sagar/Sandheads,6.87,67.47,44.95,8,PROXY,"India Ministry of Ports, Shipping and Waterways / Sagar Unnati",https://shipmin.dashboard.nic.in/,Historical monthly congestion proxy calibrated to publicly reported Indian major-port pre-berthing waiting times and Sagar Unnati vessel-position/traffic information. Not a historical AIS-derived observation series.
2021-10-01,Sagar/Sandheads,5.64,59.63,46.42,15,PROXY,"India Ministry of Ports, Shipping and Waterways / Sagar Unnati",https://shipmin.dashboard.nic.in/,Historical monthly congestion proxy calibrated to publicly reported Indian major-port pre-berthing waiting times and Sagar Unnati vessel-position/traffic information. Not a historical AIS-derived observation series.
2021-11-01,Sagar/Sandheads,7.87,77.03,50.88,13,PROXY,"India Ministry of Ports, Shipping and Waterways / Sagar Unnati",https://shipmin.dashboard.nic.in/,Historical monthly congestion proxy calibrated to publicly reported Indian major-port pre-berthing waiting times and Sagar Unnati vessel-position/traffic information. Not a historical AIS-derived observation series.
2021-12-01,Sagar/Sandheads,9.88,89.87,48.84,13,PROXY,"India Ministry of Ports, Shipping and Waterways / Sagar Unnati",https://shipmin.dashboard.nic.in/,Historical monthly congestion proxy calibrated to publicly reported Indian major-port pre-berthing waiting times and Sagar Unnati vessel-position/traffic information. Not a historical AIS-derived observation series.
2022-01-01,Sagar/Sandheads,8.66,82.48,51.05,10,PROXY,"India Ministry of Ports, Shipping and Waterways / Sagar Unnati",https://shipmin.dashboard.nic.in/,Historical monthly congestion proxy calibrated to publicly reported Indian major-port pre-berthing waiting times and Sagar Unnati vessel-position/traffic information. Not a historical AIS-derived observation series.
2022-02-01,Sagar/Sandheads,10.28,92.84,49.28,16,PROXY,"India Ministry of Ports, Shipping and Waterways / Sagar Unnati",https://shipmin.dashboard.nic.in/,Historical monthly congestion proxy calibrated to publicly reported Indian major-port pre-berthing waiting times and Sagar Unnati vessel-position/traffic information. Not a historical AIS-derived observation series.
2022-03-01,Sagar/Sandheads,8.5,75.44,37.85,12,PROXY,"India Ministry of Ports, Shipping and Waterways / Sagar Unnati",https://shipmin.dashboard.nic.in/,Historical monthly congestion proxy calibrated to publicly reported Indian major-port pre-berthing waiting times and Sagar Unnati vessel-position/traffic information. Not a historical AIS-derived observation series.
2022-04-01,Sagar/Sandheads,10.11,89.94,45.48,13,PROXY,"India Ministry of Ports, Shipping and Waterways / Sagar Unnati",https://shipmin.dashboard.nic.in/,Historical monthly congestion proxy calibrated to publicly reported Indian major-port pre-berthing waiting times and Sagar Unnati vessel-position/traffic information. Not a historical AIS-derived observation series.
2022-05-01,Sagar/Sandheads,8.37,82.05,54.52,11,PROXY,"India Ministry of Ports, Shipping and Waterways / Sagar Unnati",https://shipmin.dashboard.nic.in/,Historical monthly congestion proxy calibrated to publicly reported Indian major-port pre-berthing waiting times and Sagar Unnati vessel-position/traffic information. Not a historical AIS-derived observation series.
2022-06-01,Sagar/Sandheads,8.17,74.39,40.43,11,PROXY,"India Ministry of Ports, Shipping and Waterways / Sagar Unnati",https://shipmin.dashboard.nic.in/,Historical monthly congestion proxy calibrated to publicly reported Indian major-port pre-berthing waiting times and Sagar Unnati vessel-position/traffic information. Not a historical AIS-derived observation series.
2022-07-01,Sagar/Sandheads,6.72,68.23,48.95,12,PROXY,"India Ministry of Ports, Shipping and Waterways / Sagar Unnati",https://shipmin.dashboard.nic.in/,Historical monthly congestion proxy calibrated to publicly reported Indian major-port pre-berthing waiting times and Sagar Unnati vessel-position/traffic information. Not a historical AIS-derived observation series.
2022-08-01,Sagar/Sandheads,7.49,70.42,42.04,12,PROXY,"India Ministry of Ports, Shipping and Waterways / Sagar Unnati",https://shipmin.dashboard.nic.in/,Historical monthly congestion proxy calibrated to publicly reported Indian major-port pre-berthing waiting times and Sagar Unnati vessel-position/traffic information. Not a historical AIS-derived observation series.
2022-09-01,Sagar/Sandheads,6.64,65.95,45.12,10,PROXY,"India Ministry of Ports, Shipping and Waterways / Sagar Unnati",https://shipmin.dashboard.nic.in/,Historical monthly congestion proxy calibrated to publicly reported Indian major-port pre-berthing waiting times and Sagar Unnati vessel-position/traffic information. Not a historical AIS-derived observation series.
2022-10-01,Sagar/Sandheads,8.97,84.88,51.56,11,PROXY,"India Ministry of Ports, Shipping and Waterways / Sagar Unnati",https://shipmin.dashboard.nic.in/,Historical monthly congestion proxy calibrated to publicly reported Indian major-port pre-berthing waiting times and Sagar Unnati vessel-position/traffic information. Not a historical AIS-derived observation series.
2022-11-01,Sagar/Sandheads,8.31,78.55,47.63,12,PROXY,"India Ministry of Ports, Shipping and Waterways / Sagar Unnati",https://shipmin.dashboard.nic.in/,Historical monthly congestion proxy calibrated to publicly reported Indian major-port pre-berthing waiting times and Sagar Unnati vessel-position/traffic information. Not a historical AIS-derived observation series.
2022-12-01,Sagar/Sandheads,7.86,73.3,42.86,12,PROXY,"India Ministry of Ports, Shipping and Waterways / Sagar Unnati",https://shipmin.dashboard.nic.in/,Historical monthly congestion proxy calibrated to publicly reported Indian major-port pre-berthing waiting times and Sagar Unnati vessel-position/traffic information. Not a historical AIS-derived observation series.
2023-01-01,Sagar/Sandheads,7.87,73.74,43.7,13,PROXY,"India Ministry of Ports, Shipping and Waterways / Sagar Unnati",https://shipmin.dashboard.nic.in/,Historical monthly congestion proxy calibrated to publicly reported Indian major-port pre-berthing waiting times and Sagar Unnati vessel-position/traffic information. Not a historical AIS-derived observation series.
2023-02-01,Sagar/Sandheads,11.72,104.07,52.17,17,PROXY,"India Ministry of Ports, Shipping and Waterways / Sagar Unnati",https://shipmin.dashboard.nic.in/,Historical monthly congestion proxy calibrated to publicly reported Indian major-port pre-berthing waiting times and Sagar Unnati vessel-position/traffic information. Not a historical AIS-derived observation series.
2023-03-01,Sagar/Sandheads,10.43,93.6,48.66,15,PROXY,"India Ministry of Ports, Shipping and Waterways / Sagar Unnati",https://shipmin.dashboard.nic.in/,Historical monthly congestion proxy calibrated to publicly reported Indian major-port pre-berthing waiting times and Sagar Unnati vessel-position/traffic information. Not a historical AIS-derived observation series.
2023-04-01,Sagar/Sandheads,9.83,87.87,45.05,14,PROXY,"India Ministry of Ports, Shipping and Waterways / Sagar Unnati",https://shipmin.dashboard.nic.in/,Historical monthly congestion proxy calibrated to publicly reported Indian major-port pre-berthing waiting times and Sagar Unnati vessel-position/traffic information. Not a historical AIS-derived observation series.
2023-05-01,Sagar/Sandheads,10.59,91.44,41.39,12,PROXY,"India Ministry of Ports, Shipping and Waterways / Sagar Unnati",https://shipmin.dashboard.nic.in/,Historical monthly congestion proxy calibrated to publicly reported Indian major-port pre-berthing waiting times and Sagar Unnati vessel-position/traffic information. Not a historical AIS-derived observation series.
2023-06-01,Sagar/Sandheads,8.96,83.8,49.38,11,PROXY,"India Ministry of Ports, Shipping and Waterways / Sagar Unnati",https://shipmin.dashboard.nic.in/,Historical monthly congestion proxy calibrated to publicly reported Indian major-port pre-berthing waiting times and Sagar Unnati vessel-position/traffic information. Not a historical AIS-derived observation series.
2023-07-01,Sagar/Sandheads,8.68,79.46,43.92,9,PROXY,"India Ministry of Ports, Shipping and Waterways / Sagar Unnati",https://shipmin.dashboard.nic.in/,Historical monthly congestion proxy calibrated to publicly reported Indian major-port pre-berthing waiting times and Sagar Unnati vessel-position/traffic information. Not a historical AIS-derived observation series.
2023-08-01,Sagar/Sandheads,7.06,68.93,45.26,12,PROXY,"India Ministry of Ports, Shipping and Waterways / Sagar Unnati",https://shipmin.dashboard.nic.in/,Historical monthly congestion proxy calibrated to publicly reported Indian major-port pre-berthing waiting times and Sagar Unnati vessel-position/traffic information. Not a historical AIS-derived observation series.
2023-09-01,Sagar/Sandheads,5.54,54.33,36.07,9,PROXY,"India Ministry of Ports, Shipping and Waterways / Sagar Unnati",https://shipmin.dashboard.nic.in/,Historical monthly congestion proxy calibrated to publicly reported Indian major-port pre-berthing waiting times and Sagar Unnati vessel-position/traffic information. Not a historical AIS-derived observation series.
2023-10-01,Sagar/Sandheads,6.31,65.31,48.77,11,PROXY,"India Ministry of Ports, Shipping and Waterways / Sagar Unnati",https://shipmin.dashboard.nic.in/,Historical monthly congestion proxy calibrated to publicly reported Indian major-port pre-berthing waiting times and Sagar Unnati vessel-position/traffic information. Not a historical AIS-derived observation series.
2023-11-01,Sagar/Sandheads,7.86,76.32,49.47,12,PROXY,"India Ministry of Ports, Shipping and Waterways / Sagar Unnati",https://shipmin.dashboard.nic.in/,Historical monthly congestion proxy calibrated to publicly reported Indian major-port pre-berthing waiting times and Sagar Unnati vessel-position/traffic information. Not a historical AIS-derived observation series.
2023-12-01,Sagar/Sandheads,8.89,80.58,43.24,9,PROXY,"India Ministry of Ports, Shipping and Waterways / Sagar Unnati",https://shipmin.dashboard.nic.in/,Historical monthly congestion proxy calibrated to publicly reported Indian major-port pre-berthing waiting times and Sagar Unnati vessel-position/traffic information. Not a historical AIS-derived observation series.
2024-01-01,Sagar/Sandheads,7.27,68.34,40.79,12,PROXY,"India Ministry of Ports, Shipping and Waterways / Sagar Unnati",https://shipmin.dashboard.nic.in/,Historical monthly congestion proxy calibrated to publicly reported Indian major-port pre-berthing waiting times and Sagar Unnati vessel-position/traffic information. Not a historical AIS-derived observation series.
2024-02-01,Sagar/Sandheads,9.6,88.44,49.81,13,PROXY,"India Ministry of Ports, Shipping and Waterways / Sagar Unnati",https://shipmin.dashboard.nic.in/,Historical monthly congestion proxy calibrated to publicly reported Indian major-port pre-berthing waiting times and Sagar Unnati vessel-position/traffic information. Not a historical AIS-derived observation series.
2024-03-01,Sagar/Sandheads,9.58,86.95,46.81,16,PROXY,"India Ministry of Ports, Shipping and Waterways / Sagar Unnati",https://shipmin.dashboard.nic.in/,Historical monthly congestion proxy calibrated to publicly reported Indian major-port pre-berthing waiting times and Sagar Unnati vessel-position/traffic information. Not a historical AIS-derived observation series.
2024-04-01,Sagar/Sandheads,9.09,83.84,47.49,14,PROXY,"India Ministry of Ports, Shipping and Waterways / Sagar Unnati",https://shipmin.dashboard.nic.in/,Historical monthly congestion proxy calibrated to publicly reported Indian major-port pre-berthing waiting times and Sagar Unnati vessel-position/traffic information. Not a historical AIS-derived observation series.
2024-05-01,Sagar/Sandheads,10.53,91.24,41.82,14,PROXY,"India Ministry of Ports, Shipping and Waterways / Sagar Unnati",https://shipmin.dashboard.nic.in/,Historical monthly congestion proxy calibrated to publicly reported Indian major-port pre-berthing waiting times and Sagar Unnati vessel-position/traffic information. Not a historical AIS-derived observation series.
2024-06-01,Sagar/Sandheads,9.45,84.81,44.15,14,PROXY,"India Ministry of Ports, Shipping and Waterways / Sagar Unnati",https://shipmin.dashboard.nic.in/,Historical monthly congestion proxy calibrated to publicly reported Indian major-port pre-berthing waiting times and Sagar Unnati vessel-position/traffic information. Not a historical AIS-derived observation series.
2024-07-01,Sagar/Sandheads,10.47,94.39,49.81,14,PROXY,"India Ministry of Ports, Shipping and Waterways / Sagar Unnati",https://shipmin.dashboard.nic.in/,Historical monthly congestion proxy calibrated to publicly reported Indian major-port pre-berthing waiting times and Sagar Unnati vessel-position/traffic information. Not a historical AIS-derived observation series.
2024-08-01,Sagar/Sandheads,7.6,72.01,43.89,12,PROXY,"India Ministry of Ports, Shipping and Waterways / Sagar Unnati",https://shipmin.dashboard.nic.in/,Historical monthly congestion proxy calibrated to publicly reported Indian major-port pre-berthing waiting times and Sagar Unnati vessel-position/traffic information. Not a historical AIS-derived observation series.
2024-09-01,Sagar/Sandheads,5.18,52.06,36.56,11,PROXY,"India Ministry of Ports, Shipping and Waterways / Sagar Unnati",https://shipmin.dashboard.nic.in/,Historical monthly congestion proxy calibrated to publicly reported Indian major-port pre-berthing waiting times and Sagar Unnati vessel-position/traffic information. Not a historical AIS-derived observation series.
2024-10-01,Sagar/Sandheads,7.71,76.44,52.11,14,PROXY,"India Ministry of Ports, Shipping and Waterways / Sagar Unnati",https://shipmin.dashboard.nic.in/,Historical monthly congestion proxy calibrated to publicly reported Indian major-port pre-berthing waiting times and Sagar Unnati vessel-position/traffic information. Not a historical AIS-derived observation series.
2024-11-01,Sagar/Sandheads,9.3,85.12,47.02,15,PROXY,"India Ministry of Ports, Shipping and Waterways / Sagar Unnati",https://shipmin.dashboard.nic.in/,Historical monthly congestion proxy calibrated to publicly reported Indian major-port pre-berthing waiting times and Sagar Unnati vessel-position/traffic information. Not a historical AIS-derived observation series.
2024-12-01,Sagar/Sandheads,8.19,78.56,49.51,16,PROXY,"India Ministry of Ports, Shipping and Waterways / Sagar Unnati",https://shipmin.dashboard.nic.in/,Historical monthly congestion proxy calibrated to publicly reported Indian major-port pre-berthing waiting times and Sagar Unnati vessel-position/traffic information. Not a historical AIS-derived observation series.
2025-01-01,Sagar/Sandheads,10.36,94.89,52.65,10,PROXY,"India Ministry of Ports, Shipping and Waterways / Sagar Unnati",https://shipmin.dashboard.nic.in/,Historical monthly congestion proxy calibrated to publicly reported Indian major-port pre-berthing waiting times and Sagar Unnati vessel-position/traffic information. Not a historical AIS-derived observation series.
2025-02-01,Sagar/Sandheads,10.28,93.06,49.8,14,PROXY,"India Ministry of Ports, Shipping and Waterways / Sagar Unnati",https://shipmin.dashboard.nic.in/,Historical monthly congestion proxy calibrated to publicly reported Indian major-port pre-berthing waiting times and Sagar Unnati vessel-position/traffic information. Not a historical AIS-derived observation series.
2025-03-01,Sagar/Sandheads,9.33,87.48,51.81,12,PROXY,"India Ministry of Ports, Shipping and Waterways / Sagar Unnati",https://shipmin.dashboard.nic.in/,Historical monthly congestion proxy calibrated to publicly reported Indian major-port pre-berthing waiting times and Sagar Unnati vessel-position/traffic information. Not a historical AIS-derived observation series.
2025-04-01,Sagar/Sandheads,9.94,92.91,54.56,11,PROXY,"India Ministry of Ports, Shipping and Waterways / Sagar Unnati",https://shipmin.dashboard.nic.in/,Historical monthly congestion proxy calibrated to publicly reported Indian major-port pre-berthing waiting times and Sagar Unnati vessel-position/traffic information. Not a historical AIS-derived observation series.
2025-05-01,Sagar/Sandheads,11.05,98.9,50.93,15,PROXY,"India Ministry of Ports, Shipping and Waterways / Sagar Unnati",https://shipmin.dashboard.nic.in/,Historical monthly congestion proxy calibrated to publicly reported Indian major-port pre-berthing waiting times and Sagar Unnati vessel-position/traffic information. Not a historical AIS-derived observation series.
2025-06-01,Sagar/Sandheads,7.86,75.19,47.09,14,PROXY,"India Ministry of Ports, Shipping and Waterways / Sagar Unnati",https://shipmin.dashboard.nic.in/,Historical monthly congestion proxy calibrated to publicly reported Indian major-port pre-berthing waiting times and Sagar Unnati vessel-position/traffic information. Not a historical AIS-derived observation series.
2025-07-01,Sagar/Sandheads,7.5,74.86,51.7,12,PROXY,"India Ministry of Ports, Shipping and Waterways / Sagar Unnati",https://shipmin.dashboard.nic.in/,Historical monthly congestion proxy calibrated to publicly reported Indian major-port pre-berthing waiting times and Sagar Unnati vessel-position/traffic information. Not a historical AIS-derived observation series.
2025-08-01,Sagar/Sandheads,6.24,62.5,43.51,13,PROXY,"India Ministry of Ports, Shipping and Waterways / Sagar Unnati",https://shipmin.dashboard.nic.in/,Historical monthly congestion proxy calibrated to publicly reported Indian major-port pre-berthing waiting times and Sagar Unnati vessel-position/traffic information. Not a historical AIS-derived observation series.
2025-09-01,Sagar/Sandheads,7.35,71.61,46.87,14,PROXY,"India Ministry of Ports, Shipping and Waterways / Sagar Unnati",https://shipmin.dashboard.nic.in/,Historical monthly congestion proxy calibrated to publicly reported Indian major-port pre-berthing waiting times and Sagar Unnati vessel-position/traffic information. Not a historical AIS-derived observation series.
2025-10-01,Sagar/Sandheads,6.91,69.2,48.19,12,PROXY,"India Ministry of Ports, Shipping and Waterways / Sagar Unnati",https://shipmin.dashboard.nic.in/,Historical monthly congestion proxy calibrated to publicly reported Indian major-port pre-berthing waiting times and Sagar Unnati vessel-position/traffic information. Not a historical AIS-derived observation series.
2025-11-01,Sagar/Sandheads,9.58,88.38,50.04,14,PROXY,"India Ministry of Ports, Shipping and Waterways / Sagar Unnati",https://shipmin.dashboard.nic.in/,Historical monthly congestion proxy calibrated to publicly reported Indian major-port pre-berthing waiting times and Sagar Unnati vessel-position/traffic information. Not a historical AIS-derived observation series.
2025-12-01,Sagar/Sandheads,6.78,63.68,37.89,10,PROXY,"India Ministry of Ports, Shipping and Waterways / Sagar Unnati",https://shipmin.dashboard.nic.in/,Historical monthly congestion proxy calibrated to publicly reported Indian major-port pre-berthing waiting times and Sagar Unnati vessel-position/traffic information. Not a historical AIS-derived observation series.
2026-01-01,Sagar/Sandheads,14.15,120.91,52.56,16,PROXY,"India Ministry of Ports, Shipping and Waterways / Sagar Unnati",https://shipmin.dashboard.nic.in/,Historical monthly congestion proxy calibrated to publicly reported Indian major-port pre-berthing waiting times and Sagar Unnati vessel-position/traffic information. Not a historical AIS-derived observation series.
2026-02-01,Sagar/Sandheads,8.22,73.53,37.77,13,PROXY,"India Ministry of Ports, Shipping and Waterways / Sagar Unnati",https://shipmin.dashboard.nic.in/,Historical monthly congestion proxy calibrated to publicly reported Indian major-port pre-berthing waiting times and Sagar Unnati vessel-position/traffic information. Not a historical AIS-derived observation series.
2026-03-01,Sagar/Sandheads,10.13,91.01,47.48,14,PROXY,"India Ministry of Ports, Shipping and Waterways / Sagar Unnati",https://shipmin.dashboard.nic.in/,Historical monthly congestion proxy calibrated to publicly reported Indian major-port pre-berthing waiting times and Sagar Unnati vessel-position/traffic information. Not a historical AIS-derived observation series.
2026-04-01,Sagar/Sandheads,10.65,94.55,47.35,11,PROXY,"India Ministry of Ports, Shipping and Waterways / Sagar Unnati",https://shipmin.dashboard.nic.in/,Historical monthly congestion proxy calibrated to publicly reported Indian major-port pre-berthing waiting times and Sagar Unnati vessel-position/traffic information. Not a historical AIS-derived observation series.
2026-05-01,Sagar/Sandheads,7.82,69.91,35.87,11,PROXY,"India Ministry of Ports, Shipping and Waterways / Sagar Unnati",https://shipmin.dashboard.nic.in/,Historical monthly congestion proxy calibrated to publicly reported Indian major-port pre-berthing waiting times and Sagar Unnati vessel-position/traffic information. Not a historical AIS-derived observation series.
2026-06-01,Sagar/Sandheads,8.98,81.92,44.87,13,PROXY,"India Ministry of Ports, Shipping and Waterways / Sagar Unnati",https://shipmin.dashboard.nic.in/,Historical monthly congestion proxy calibrated to publicly reported Indian major-port pre-berthing waiting times and Sagar Unnati vessel-position/traffic information. Not a historical AIS-derived observation series.
2026-07-01,Sagar/Sandheads,8.28,79.33,49.83,9,PROXY,"India Ministry of Ports, Shipping and Waterways / Sagar Unnati",https://shipmin.dashboard.nic.in/,Historical monthly congestion proxy calibrated to publicly reported Indian major-port pre-berthing waiting times and Sagar Unnati vessel-position/traffic information. Not a historical AIS-derived observation series.
2026-08-01,Sagar/Sandheads,7.58,74.34,49.4,12,PROXY,"India Ministry of Ports, Shipping and Waterways / Sagar Unnati",https://shipmin.dashboard.nic.in/,Historical monthly congestion proxy calibrated to publicly reported Indian major-port pre-berthing waiting times and Sagar Unnati vessel-position/traffic information. Not a historical AIS-derived observation series.
